2024-11-24T04:00:56.091864,PEPE,PEPE,0x06ce3E5eD701834e4d1FA2564295B9fB742823e7,base,uniswap,0.000001362,308.0,455837.48,109634.83,0x44101C980533FD778E106f8bCfB579c545A7fbb1,1732352183000.0,No Pattern,Buy
2024-11-24T04:00:56.091864,Pepe,PEPE,0x6982508145454Ce325dDbE47a25d4ec3d2311933,ethereum,uniswap,0.00002094,3.85,13580925.87,69919859.06,0xA43fe16908251ee70EF74718545e4FE6C5cCEc9f,1681492871000.0,No Pattern,Buy
2024-11-24T04:00:56.091864,Pepe,PEPE,0x6982508145454Ce325dDbE47a25d4ec3d2311933,ethereum,uniswap,0.00002096,3.85,8980240.05,7785391.25,0x11950d141EcB863F01007AdD7D1A342041227b58,1681942955000.0,No Pattern,Buy
2024-11-24T04:00:56.091864,Pepe,Pepe,B5WTLaRwaUQpKk7ir1wniNB6m5o8GgMrimhKMYan2R6B,solana,raydium,0.004623,16.24,387409.49,870749.65,FCEnSxyJfRSKsz6tASUENCsfGwKgkH6YuRn1AMmyHhZn,1716658709000.0,No Pattern,Buy
2024-11-24T04:00:56.091864,Pepe,PEPE,0x6982508145454Ce325dDbE47a25d4ec3d2311933,ethereum,uniswap,0.00002092,4.2,60844.88,512673.05,0xcEE31C846CbF003F4cEB5Bbd234cBA03C6e940C7,1681757015000.0,No Pattern,Buy
2024-11-24T04:00:56.091864,Pepe,PEPE,0x6982508145454Ce325dDbE47a25d4ec3d2311933,ethereum,uniswap,0.00002088,3.05,34523.85,431782.0,0xF239009A101B6B930A527DEaaB6961b6E7deC8a6,1681701395000.0,No Pattern,Buy
2024-11-24T04:00:56.091864,Pepe,PEPE,F9CpWoyeBJfoRB8f2pBe2ZNPbPsEE76mWZWme3StsvHK,solana,raydium,0.002113,5.42,44429.18,191626.4,4YcwqxR7eoH29rF2G7U9YmtzCt1n7tyHcywg3Emif85s,1674311403000.0,No Pattern,Buy
2024-11-24T04:00:56.091864,PEPE,PEPE,2Zaq3WyDJj2ZkMcuqUiTBfAXCjqZtqihxcwUdwv9dyHA,solana,raydium,0.003611,-4.34,18044.37,347570.71,GdYgVJ6L5KEuiCkGcNXdaaoog4gFjeVPR2NJd3BFRYF5,1713027382000.0,No Pattern,Buy
2024-11-24T04:00:56.091864,pepecoin on SOL,pepe,3tS6fbLh2P8tzxXuqCiHZpZhsxJpmrR3Xb9psmypnp69,solana,raydium,0.0003806,-1.8,9584.26,78563.4,8q4AtF5SXK6Qp3KzbD5K6WxB8oR2bcT5h4NFCNANmuFj,1703330448000.0,No Pattern,Buy
2024-11-24T04:00:56.091864,PEPE GOLD,PEPE,846XGqAnEhKFwc3QL2e5PQhSRvEbn9KspuxJ3nhY92kh,solana,raydium,0.00004163,0.49,17784.6,43039.34,4Dr8FQyynbQKo6duxFZWbJDeXKppX2dUiUKsNGLmSr5U,1717159416000.0,No Pattern,Buy
2024-11-24T04:00:56.091864,PEPE the Dog,PEPE,m9PM15qH8LLFrprcJyVp9y6LSmYsDsZDibizpgFpump,solana,raydium,0.00003032,11.55,18822.02,29196.17,5s1APotKAexjZxMwHk7zyDgPz3ZpTDkkTQM1ar8f8Da2,1732186723000.0,No Pattern,Buy
2024-11-24T04:00:57.850245,Wojak Coin,WOJAK,0x5026F006B85729a8b14553FAE6af249aD16c9aaB,ethereum,uniswap,0.001958,8.96,4626307.78,9363249.89,0x0F23d49bC92Ec52FF591D091b3e16c937034496E,1681775291000.0,No Pattern,Buy
2024-11-24T04:00:57.850245,Wojak Coin,WOJAK,0x5026F006B85729a8b14553FAE6af249aD16c9aaB,ethereum,uniswap,0.001959,9.36,193142.43,506334.15,0x7316F8DD242974F0FD7b16dBCC68920b96Bc4Db1,1681777991000.0,No Pattern,Buy
2024-11-24T04:00:57.850245,wojak,wojak,3BaxJ5tuBS5ttHyMi9tnVLotxyUCAfNAm8yN5Qdwpump,solana,raydium,0.0006039,-5.04,14579.6,119667.73,uXDFzjc2CXdiKzGCbixw8cVgkxZj4DnwFcUVwhp5pNs,1721152486000.0,No Pattern,Buy
2024-11-24T04:00:57.850245,Wojak,Wojak,4MPA8WbyYtKiufXDSdckEoMPdN5XK1Xw9S9LSLMjK5Y4,solana,raydium,0.0002744,7.8,15083.71,59221.98,6ckfpq5wME37pAYdyK8iGmcaEuW1nhya2h4nAxKnxUGS,1707669445000.0,No Pattern,Buy
2024-11-24T04:00:57.850245,Wojak,Wojak,AytC5pZ2E6GzuPM5K7De76fhxVJBCuucUYLNcHCvhsaf,solana,raydium,0.000008273,13.49,6668.76,45289.96,HjQWkE2mGQVnwNrsnR6YcaW2iqZYSJFj879kwUsy8QB,1713957246000.0,No Pattern,Buy
2024-11-24T04:00:57.850245,Wojak Coin (Wormhole),WOJAK,6bn6rKWbTRAQwizwqEfcmpAtoAMnqzfG7F8DYMK5reYn,solana,raydium,0.001926,10.13,46253.4,79257.44,228H7urKjz9TJqFPK9R16fNXUCUHFEfmfPcTKEVSNkWK,1728775839000.0,No Pattern,Buy
2024-11-24T04:00:59.087431,Department of Gov Efficiency,DOGE,9TY6DUg1VSssYH5tFE95qoq5hnAGFak4w3cn72sJNCoV,solana,raydium,0.7760,-23.23,3187324.7,943979.27,3pvmL7M24uqzudAxUYmvixtkWTC5yaDhTUSyB8cewnJK,1730196036000.0,No Pattern,Buy
2024-11-24T04:00:59.087431,Department Of Government Efficiency,DOGE,0x1121AcC14c63f3C872BFcA497d10926A6098AAc5,ethereum,uniswap,0.2217,-13.49,7578118.72,6466312.33,0x308C6fbD6a14881Af333649f17f2FdE9cd75e2a6,1724119115000.0,No Pattern,Buy
2024-11-24T04:00:59.087431,Department Of Government Efficiency,DOGE,0x1121AcC14c63f3C872BFcA497d10926A6098AAc5,ethereum,uniswap,0.2233,-13.35,1721041.77,1909954.03,0x60B0dAd2d7D65b7D6eFc0B746687020cCeF0a233,1724128943000.0,No Pattern,Buy
2024-11-24T04:00:59.087431,Department Of Government Efficiency,DOGE,0x81FcC294d91bd8FFC8a822d7df0e2fD2f8526c39,ethereum,uniswap,0.001627,-23.5,46348.45,137546.02,0x48aA3f93662d84b0534BfF80019BbE82EF94b72b,1724133491000.0,No Pattern,Buy
2024-11-24T04:00:59.087431,DogeElonTrumpPepeMaga,DOGE,0x5c57de207E5075FE3b6cbba74c4B0B4B520B31Ae,base,uniswap,2237.75,449741.0,11651569.76,474866.27,0xEF9497d98C89F34ae881Cc533805e9e10fc8E995,1732076413000.0,No Pattern,Buy
2024-11-24T04:00:59.087431,Department Of Governm (Wormhole),DOGE,KQijDbNJ6rPCqhtXrfH6gKa5cH3a39At8vHq34nnPbF,solana,raydium,0.2247,-13.22,1275445.35,622990.08,7ESTvPaxJGbfGTZgHtmKEfJxQYjNsKfyTaKK23CZnrLF,1730337395000.0,No Pattern,Buy
2024-11-24T04:00:59.087431,DOGECOIN,DOGE,0x80E3Ee7bAB68fEAea6e01c44df9daa5de53e4818,base,uniswap,0.0008750,41.05,31140.82,129635.2,0x95Dd03e7dF28a7fDbB2e36A5675034937218A6Ae,1714407965000.0,No Pattern,Buy
2024-11-24T04:00:59.087431,Doge,Doge,Hk82ay38uGpYgqjdXXCiATavVQwAMaBNyxsUWbapmKuL,solana,raydium,0.0002859,0.59,6963.1,117596.44,3AuKtCpaLG6ds6knC4w5AaibxYLQamWGNkHNPBJHp5fp,1716681795000.0,No Pattern,Buy
2024-11-24T04:00:59.087431,Department of Gov Efficiency,DOGE,9TY6DUg1VSssYH5tFE95qoq5hnAGFak4w3cn72sJNCoV,solana,orca,0.7722,-23.37,90461.53,213468.37,3rkiPz4yL23s5eK4kfz6TrWZfSYAAvUVBMcvx6cHDZ2j,1730273455000.0,No Pattern,Buy
2024-11-24T04:00:59.087431,Dogecoin,DOGE,0xbA2aE424d960c26247Dd6c32edC70B295c744C43,bsc,pancakeswap,0.4463,4.17,21385250.89,4839150.94,0xce6160bB594fC055c943F59De92ceE30b8c6B32c,1680548375000.0,No Pattern,Buy
2024-11-24T04:00:59.087431,Dogecoin,DOGE,0xbA2aE424d960c26247Dd6c32edC70B295c744C43,bsc,pancakeswap,0.4454,4.12,8760967.63,1343280.27,0x353d328eFbEf48b79a570cBc2fdE20F40e9f2063,1731647297000.0,No Pattern,Buy
2024-11-24T04:00:59.087431,Department of Government Efficiency,DOGE,0x572Cd3d0e7532439eeAa8cF4C129D2264B6e515f,pulsechain,pulsex,0.0007755,-18.89,5939.3,12827.2,0x722A40Dbc6dad4a6d088658461be7fe8b4F2919D,1724367705000.0,No Pattern,Buy
2024-11-24T04:00:59.087431,DogeCoin,DOGE,43DCU6q6YQr9R8ymqoKvuAfGQdn83BcmJooiHoBzrg4B,solana,raydium,0.000008696,-7.96,7793.74,43243.02,Bzd6HtjjBydTqjXpk6oqkx8XzMCsxXoSJwoxiPT1uLKq,1707148695000.0,Steady Growth,Buy
2024-11-24T04:00:59.087431,Department Of Government Efficiency,DOGE,0x1121AcC14c63f3C872BFcA497d10926A6098AAc5,ethereum,uniswap,0.2273,-12.14,35592.59,14828.21,0xD493B1934826EeABB260F55D7f51FDEfa4b0EEd5,1725888311000.0,No Pattern,Buy
2024-11-24T04:00:59.087431,Dogecoin,DOGE,0xbA2aE424d960c26247Dd6c32edC70B295c744C43,bsc,pancakeswap,0.4472,4.53,1400093.92,1860790.59,0xac109C8025F272414fd9e2faA805a583708A017f,1619230059000.0,No Pattern,Buy
2024-11-24T04:00:59.087431,Dogecoin,DOGE,0x4206931337dc273a630d328dA6441786BfaD668f,ethereum,uniswap,0.4477,5.51,1517760.33,6128045.27,0xfCd13EA0B906f2f87229650b8D93A51B2e839EBD,1618960759000.0,No Pattern,Buy
2024-11-24T04:00:59.087431,Department Of Governm (Wormhole),DOGE,B54Fyr1XrWNA5RsRRkovoVFwQwzwBfqaJPLoFR4pMoAX,solana,raydium,0.001543,-33.83,25783.21,17230.65,73x5cdYcoLChnqQqGcUUwtC5UJk9LHursh9KVxNuAoZd,1724153988000.0,No Pattern,Buy
2024-11-24T04:00:59.087431,Dogecoin,DOGE,0x1a8E39ae59e5556B56b76fCBA98d22c9ae557396,cronos,vvsfinance,0.4412,2.72,464090.44,480312.09,0x2A560f2312CB56327AD5D65a03F1bfEC10b62075,1639466893000.0,No Pattern,Buy
2024-11-24T04:00:59.087431,Dogecoin,DOGE,factory/osmo10pk4crey8fpdyqd62rsau0y02e3rk055w5u005ah6ly7k849k5tsf72x40/alloyed/allDOGE,osmosis,osmosis,0.4501,11.33,129363.66,560198.09,2308,1731354938000.0,No Pattern,Buy
2024-11-24T04:00:59.087431,Dogecoin,DOGE,0x4206931337dc273a630d328dA6441786BfaD668f,ethereum,uniswap,0.4490,5.28,1695162.45,7596815.11,0xc0067d751FB1172DBAb1FA003eFe214EE8f419b6,1611004489000.0,No Pattern,Buy
2024-11-24T04:00:59.087431,Dogecoin,DOGE,0x1a8E39ae59e5556B56b76fCBA98d22c9ae557396,cronos,vvsfinance,0.4441,3.81,45133.96,161636.13,0x2c30327A7cE35b9294eCF8624d1Eda001B9E337f,1639478252000.0,No Pattern,Buy
2024-11-24T04:01:00.327898,SHIBA INU,SHIB,5MBBsoCVddAuF8XixvCcXNbHAw6WfpZ8WyTKMmczxxRN,solana,raydium,0.00009471,21.77,120299.24,113058.34,36y1LqJQNL7jPU4hUoFhGegXNQHKJggGkg5inSukRTuR,1707724801000.0,No Pattern,Buy
2024-11-24T04:01:00.327898,shibwifhat,SHIB,F6qoefQq4iCBLoNZ34RjEqHjHkD8vtmoRSdw9Nd55J1k,solana,raydium,0.001708,2.73,40763.99,321282.97,14bLC2KcZ2yFyCDSzHsNemoXUGf9fCmgqQ8jeHEfr3Ed,1707189553000.0,No Pattern,Buy
2024-11-24T04:01:00.327898,Strategic Hub for Innovation in Blockchain,SHIB,0xF4b7B9ab55A2eeb3bD6123B8f45B0abfFd5089c7,ethereum,uniswap,0.001395,-35.13,25164.59,51487.16,0x9c99C9908f1c731479F51C192109dce081F3e8B7,1731086459000.0,No Pattern,Buy
2024-11-24T04:01:00.327898,SHIBA INU,SHIB,0x95aD61b0a150d79219dCF64E1E6Cc01f0B64C4cE,ethereum,shibaswap,0.00002735,0.27,2294104.0,8155571.49,0xCF6dAAB95c476106ECa715D48DE4b13287ffDEAa,1625545149000.0,No Pattern,Buy
2024-11-24T04:01:00.327898,SHIBA INU,SHIB,0x95aD61b0a150d79219dCF64E1E6Cc01f0B64C4cE,ethereum,uniswap,0.00002739,0.16,4511072.71,2988781.06,0x2F62f2B4c5fcd7570a709DeC05D68EA19c82A9ec,1620241691000.0,No Pattern,Buy
2024-11-24T04:01:00.327898,SHIBA INU,SHIB,0x95aD61b0a150d79219dCF64E1E6Cc01f0B64C4cE,ethereum,uniswap,0.00002741,0.75,426889.06,1843050.81,0x811beEd0119b4AfCE20D2583EB608C6F7AF1954f,1596228131000.0,No Pattern,Buy
2024-11-24T04:01:00.327898,SHIBA INU,SHIB,0x2859e4544C4bB03966803b044A93563Bd2D0DD4D,bsc,pancakeswap,0.00002732,0.5,731219.63,225298.93,0xE8DF1539b380274f1f8205A8f45a7Cc266793518,1681299388000.0,No Pattern,Buy
2024-11-24T04:01:00.327898,Shiba Inu,SHIB,factory/osmo1f588gk9dazpsueevdl2w6wfkmfmhg5gdvg2uerdlzl0atkasqhsq59qc6a/alloyed/allSHIB,osmosis,osmosis,0.00002827,11.25,21402.42,135886.05,2185,1726868399000.0,No Pattern,Buy
2024-11-24T04:01:00.327898,SHIBA INU,SHIB,0x95aD61b0a150d79219dCF64E1E6Cc01f0B64C4cE,ethereum,uniswap,0.00002746,1.08,412442.51,1072898.54,0x5764a6F2212D502bC5970f9f129fFcd61e5D7563,1620244947000.0,No Pattern,Buy
2024-11-24T04:01:00.327898,SHIBA INU,SHIB,0x95aD61b0a150d79219dCF64E1E6Cc01f0B64C4cE,ethereum,0xD9CE49caf7299DaF18ffFcB2b84a44fD33412509,0.00002744,1.07,1108163.35,1543125.37,0xaB21798D88EE0854F99F1D148c1e59f238E561Fe,1729786907000.0,No Pattern,Buy
2024-11-24T04:01:00.327898,SHIBA INU,SHIB,0x95aD61b0a150d79219dCF64E1E6Cc01f0B64C4cE,ethereum,shibaswap,0.00002714,-1.04,12440.75,95423.22,0x98C2b0681d8BF07767826eA8BD3b11b0Ca421631,1625545820000.0,No Pattern,Buy
2024-11-24T04:01:00.327898,SHIBA INU,SHIB,0x95aD61b0a150d79219dCF64E1E6Cc01f0B64C4cE,ethereum,uniswap,0.00002735,0.25,10957.79,143208.91,0x248823dF26180700e56f632dd7Fa64a4d63f9DB1,1689409607000.0,No Pattern,Buy
2024-11-24T04:01:00.327898,SHIBA INU,SHIB,0x2859e4544C4bB03966803b044A93563Bd2D0DD4D,bsc,pancakeswap,0.00002737,0.52,84091.34,133307.02,0x6b7b3523a6660a5fcE3c28E1536CC8dd8D57f7E0,1621686005000.0,No Pattern,Buy
2024-11-24T04:01:00.327898,SHIBA INU,SHIB,0x2859e4544C4bB03966803b044A93563Bd2D0DD4D,bsc,apeswap,0.00002735,0.8,89700.01,117552.44,0xC0AFB6078981629F7eAe4f2ae93b6DBEA9D7a7e9,1622413778000.0,No Pattern,Buy
2024-11-24T04:01:00.327898,SHIBA INU,SHIB,0x2859e4544C4bB03966803b044A93563Bd2D0DD4D,bsc,babyswap,0.00002733,0.16,52498.86,104844.64,0x14C594222106283dd6D155b9d00a943b94153066,1622557949000.0,No Pattern,Buy
2024-11-24T04:01:00.327898,SHIBA INU,SHIB,0x2859e4544C4bB03966803b044A93563Bd2D0DD4D,bsc,dinosaureggs,0.00002740,0.99,143445.68,767006.58,0x98386f283E088ad53048376fc1c3bf2F726f775A,1633770468000.0,No Pattern,Buy
2024-11-24T04:01:00.327898,SHIBA INU,SHIB,0x2859e4544C4bB03966803b044A93563Bd2D0DD4D,bsc,biswap,0.00002735,0.68,43671.14,94418.16,0x49859419c83465eeeEdD7b1D30dB99CE58C88Ec3,1635493181000.0,No Pattern,Buy
2024-11-24T04:01:00.327898,SHIBA INU (PoS),SHIB,0x6f8a06447Ff6FcF75d803135a7de15CE88C1d4ec,polygon,uniswap,0.00002752,2.06,112935.42,48746.67,0x399C01cd004866c0F3280892bAc9aaB8eb0805Ca,1640234799000.0,No Pattern,Buy
2024-11-24T04:01:00.327898,SHIBA INU,SHIB,0x95aD61b0a150d79219dCF64E1E6Cc01f0B64C4cE,ethereum,shibaswap,0.00002725,-0.82,8745.63,63046.59,0x9379F5e035CF6148c6bbEE1D6415795cc773b0A4,1625590313000.0,No Pattern,Buy
2024-11-24T04:01:00.327898,SHIBA INU,SHIB,0x95aD61b0a150d79219dCF64E1E6Cc01f0B64C4cE,ethereum,uniswap,0.00002756,0.9,10418.5,52749.22,0x94E4b2E24523CF9B3e631A6943C346dF9687c723,1620434555000.0,No Pattern,Buy
2024-11-24T04:01:00.327898,SHIBA INU,SHIB,0x2859e4544C4bB03966803b044A93563Bd2D0DD4D,bsc,pancakeswap,0.00002739,0.36,58447.48,55718.86,0x2D515b3A46a6F19957af7b448132f43f95dcad40,1621521266000.0,No Pattern,Buy
2024-11-24T04:01:00.327898,SHIBA INU (PoS),SHIB,0x6f8a06447Ff6FcF75d803135a7de15CE88C1d4ec,polygon,quickswap,0.00002740,0.94,12660.97,14524.22,0x5FB641De2663e8a94C9dea0a539817850d996e99,1622696042000.0,No Pattern,Buy
2024-11-24T04:01:00.327898,SHIBA INU (PoS),SHIB,0x6f8a06447Ff6FcF75d803135a7de15CE88C1d4ec,polygon,dfyn,0.00002742,1.06,8698.77,15759.45,0x2aa5308573C3b4c0a5032B64Cf7E593610A4De43,1635803585000.0,No Pattern,Buy
2024-11-24T04:01:01.685028,Floki,FLOKI,CP7xS4pHRuZS5M5FvnpRQXNfFwCpoPyHRNnupfkDHhah,solana,raydium,0.001996,36.84,18197.49,64505.54,FkvjFiiUjG57GmHkC8NeAJqgePqTXRvWUnm5h6hHXbfb,1709370835000.0,No Pattern,Buy
2024-11-24T04:01:01.685028,FLOKI,FLOKI,0xcf0C122c6b73ff809C693DB761e7BaeBe62b6a2E,ethereum,uniswap,0.0002517,2.02,2511961.28,26283213.51,0xca7c2771D248dCBe09EABE0CE57A62e18dA178c0,1642898407000.0,No Pattern,Buy
2024-11-24T04:01:01.685028,FLOKI,FLOKI,0xfb5B838b6cfEEdC2873aB27866079AC55363D37E,bsc,pancakeswap,0.0002503,1.73,3384137.45,25560466.74,0x231d9e7181E8479A8B40930961e93E7ed798542C,1642940174000.0,No Pattern,Buy
2024-11-24T04:01:01.685028,FLOKI,FLOKI,0xfb5B838b6cfEEdC2873aB27866079AC55363D37E,bsc,apeswap,0.0002509,2.09,1579346.33,1167316.95,0xACC22e0Ff64E788e6AD569a57d130B9d957494dc,1659653048000.0,No Pattern,Buy
2024-11-24T04:01:01.685028,FLOKI,FLOKI,0xfb5B838b6cfEEdC2873aB27866079AC55363D37E,bsc,biswap,0.0002508,2.04,106600.72,915275.41,0xADBfE34e35EDb3D31F4Bd1AF5a513f4C57CDc5e9,1643022058000.0,No Pattern,Buy
2024-11-24T04:01:01.685028,FLOKI,FLOKI,1889681715,algorand,tinyman,0.0002551,5.27,5791.27,41536.53,TU2AKIQDT3TFXZFVQYYYDYYIEEXMQYNOHRRKFONCOAGYP7MYG62DUEKQRM,1717161645000.0,No Pattern,Buy
2024-11-24T04:01:01.685028,FLOKI,FLOKI,0xBf2C2a77Be1974853228EFB858e7e0547bbd686D,cronos,vvsfinance,0.0002498,2.12,6692.64,35387.43,0x3b3Ae49bDD1159909fE9c3E53F89Adf27C97D829,1683607005000.0,No Pattern,Buy
2024-11-24T04:01:01.685028,FLOKI,FLOKI,0xfb5B838b6cfEEdC2873aB27866079AC55363D37E,bsc,thena,0.0002507,2.56,11787.17,12114.84,0x5135c813d5f9d3624221b3BdBaC805339Fa5a591,,No Pattern,Buy
2024-11-24T04:01:02.934700,INU,INU,DbaSVQ87gQumixFumMHCrMKFpq5dSYNtKiVNDw3Vpump,solana,raydium,0.001388,0.08,212806.4,305903.98,81NWnbcpGzhgiioBUBfmTLmu1QHcCpthwYENPJK8QiWm,1720786243000.0,No Pattern,Buy
2024-11-24T04:01:02.934700,Polar Inu,POLAR ,GMBA3jpN1pzkQfFh8RSQ1rCT9qCaDLYMF51mtbWMpump,solana,raydium,0.0001596,52.92,4452817.42,58686.54,37mY5ZKasutqmEu1tFnhoLJrygJDWD2zHUauJrYguUYe,1732375956000.0,No Pattern,Buy
2024-11-24T04:01:02.934700,Koma Inu,KOMA,0xd5eaAaC47bD1993d661bc087E15dfb079a7f3C19,bsc,pancakeswap,0.05133,-5.93,716703.02,2091835.99,0x0eC12dB33551AFBa853b691B4EDf49196eA0e99A,1728223865000.0,No Pattern,Buy
2024-11-24T04:01:02.934700,COQINU,COQ,0x420FcA0121DC28039145009570975747295f2329,avalanche,traderjoe,0.000002126,4.85,2755527.02,4385924.79,0x41aB86EEcBd110a82cA602D032a461f453066F1E,1701957774000.0,No Pattern,Buy
2024-11-24T04:01:02.934700,HarryPotterObamaSonic10Inu,BITCOIN,0x72e4f9F808C49A2a61dE9C5896298920Dc4EEEa9,ethereum,uniswap,0.2725,17.26,2433021.3,14230055.89,0x0c30062368eEfB96bF3AdE1218E685306b8E89Fa,1683853799000.0,No Pattern,Buy
2024-11-24T04:01:02.934700,HarryPotterObamaSonic10Inu,BITCOIN,0x72e4f9F808C49A2a61dE9C5896298920Dc4EEEa9,ethereum,uniswap,0.2708,18.06,125549.14,107142.14,0x2cC846fFf0b08FB3bFfaD71f53a60B4b6E6d6482,1683700919000.0,No Pattern,Buy
2024-11-24T04:01:02.934700,No1 tiktok cat,puff,9DZvu8yahirm6NagRa7Cm484VbUwZYKRm3xvpMrbpump,solana,raydium,0.0006694,43.55,438777.51,164925.84,5Zx8b6oDWtWM39861T1YMnBS2EmDH7BR58GG8TiNuEDm,1727454922000.0,No Pattern,Buy
2024-11-24T04:01:02.934700,FANTOMSONICINU,fSONIC,0x05e31a691405d06708A355C029599c12d5da8b28,fantom,equalizer,906.12,22.47,71989.34,807302.27,0x767520fA98e1E24b3326fD42B24c9DCFCe8BcE14,,No Pattern,Buy
2024-11-24T04:01:02.934700,Kendu Inu,Kendu,0xaa95f26e30001251fb905d264Aa7b00eE9dF6C18,ethereum,uniswap,0.00002508,-15.2,510886.83,1068280.88,0xD9f2A7471d1998C69De5Cae6dF5d3f070F01DF9F,1708518803000.0,No Pattern,Buy
2024-11-24T04:01:02.934700,Any Inu,AI,0x2598c30330D5771AE9F983979209486aE26dE875,bsc,pancakeswap,0.00001006,12.56,40286.68,69249.77,0xBaCBeA108e060AeB3Aa4bD55bf46534BdDE6F6B7,1703946731000.0,No Pattern,Buy
2024-11-24T04:01:02.934700,Saitama Inu,SAITAMA,0x0000e3705d8735ee724a76F3440c0a7ea721eD00,ethereum,uniswap,0.004978,27.84,200308.46,279066.87,0xF3F4DfD1B442c2BaA4ef9D4d4CD4A4494EcFD845,1720552787000.0,No Pattern,Buy
2024-11-24T04:01:02.934700,Longinus,LGNS,0xeB51D9A39AD5EEF215dC0Bf39a8821ff804A0F01,polygon,quickswap,12.93,-13.99,1332787.84,1387175.99,0x882df4B0fB50a229C3B4124EB18c759911485bFb,1709742872000.0,No Pattern,Buy
2024-11-24T04:01:02.934700,First City in Mars,TERMINUS,0xCBdE0453d4E7D748077c1b0Ac2216C011DD2f406,ethereum,uniswap,0.2157,9.14,354164.56,1216494.51,0x6bCd2862522c0Ab45f4f9Fe693E36C791EDE0a42,1723670123000.0,No Pattern,Buy
2024-11-24T04:01:02.934700,VinuChain,VC,0x2Bf83D080d8Bc4715984e75E5b3D149805d11751,bsc,pancakeswap,0.02848,0.76,22749.29,243018.92,0xc6dDdcF94e53F8997DAb999a32A3AA8fd3F7F106,1697184355000.0,No Pattern,Buy
2024-11-24T04:01:02.934700,Marvin Inu,Marvin,0x85bEA4eE627B795A79583FcedE229E198aa57055,ethereum,uniswap,0.00002082,-10.33,308699.08,526063.66,0x9b49A32B76216eAd560d33076B3CAbc51dbFe0F0,1726041935000.0,No Pattern,Buy
2024-11-24T04:01:04.608331,ELON MUSK,ELON,S3UfdK2HQP41nr47dE7Uyjz4awaNyDy5u21ysW9hsVw,solana,raydium,0.00004173,-47.25,407541.15,31922.38,F6zM8vVZDmsxt8gCH7cii3pB7thdvMBhMDQeupEPGZT3,1732366797000.0,No Pattern,Buy
2024-11-24T04:01:04.608331,Elon,ELON,0x69420E3A3aa9E17Dea102Bb3a9b3B73dcDDB9528,ethereum,uniswap,0.000008661,-10.25,91425.06,1098488.09,0xD6b117076222D95A05032A99f10738103C60D64d,1713942215000.0,No Pattern,Buy
2024-11-24T04:01:04.608331,Elon Musk,ELON,BqYJQ6hVYxYzGrSbUyXy52oP6aFduq1PRxUVSrFtuDgz,solana,raydium,0.0008673,-28.22,154896.96,207118.65,ENHZBWtBvy6b6jUJBmctdUZGw2RYbZR4MzS6r9qC7YuC,1718004365000.0,No Pattern,Buy
2024-11-24T04:01:04.609339,First Buddy,ELON,2tT6482KB9rZ5SaXzrHQNYMNbpMdAFHQ3MJSFLiApump,solana,raydium,0.0001736,-16.28,8150.35,72118.76,AMWhhm6z6B44hUzz61QFuUsWAgCzFVxNWKV454qAUvRM,1731357788000.0,Steady Growth,Buy
2024-11-24T04:01:04.609339,Head of D.O.G.E,ELON,6D5yvcStTtDByiFgT8uZ9F8M4Q4mFfv83kZJiwSSpump,solana,raydium,0.00006696,-16.88,5666.89,41106.43,5ioj2E7ibSPJ1Vynv3YGM2H65iaJ9xzir56JLsrVRXVD,1731540539000.0,No Pattern,Buy
2024-11-24T04:01:07.000014,CARL,MOON,ASVGTsHoQM3M3BesKyR2BibNoxykHbeX1kittdykpump,solana,raydium,0.0001643,119.0,699062.36,60903.33,85wd5eL2UVujUL36a5nEQzrhrYWARqGZ3QN4gcycaLrJ,1732294393000.0,No Pattern,Buy
2024-11-24T04:01:07.000014,MOON,Moon,72pzypYmWeAbDXvmep8tBVeXpvcbrcvv6QKtS4T1btkF,solana,raydium,0.0009130,-2.52,41513.38,217874.5,4To4sD5AJNGGFdYfgg9Zab1HQ2hLbvu7Bc3vz8Cn7u5H,1724548090000.0,No Pattern,Buy
2024-11-24T04:01:07.000014,MOON,MOON,3ZvUPAegNgfWnTRfAhhkZkn4jn3XERxvSW3uQetmpump,solana,raydium,0.00003842,-67.67,178411.37,34241.71,CKLk2Twwrsu9QZYH95fzwcecFH4DQTfTE9u8ZiBSSVt6,1732232564000.0,No Pattern,Buy
2024-11-24T04:01:07.000014,Moonflow,MOON,0x46E2B5423F6ff46A8A35861EC9DAfF26af77AB9A,cronos,vvsfinance,0.0003863,-3.54,113903.59,205854.22,0x9E5a2f511Cfc1EB4a6be528437b9f2DdCaEF9975,1714494599000.0,No Pattern,Buy
2024-11-24T04:01:07.000014,moon,MOON,0xd2699f9fDdc04d262A819808F561c153098c2408,base,uniswap,0.0003547,-15.72,47686.29,93842.53,0x2fA6551D75B11c9111a292eAC25452506435425a,1732122481000.0,No Pattern,Buy
2024-11-24T04:01:07.000014,Moonflow,MOON,0x7AEfff599570dEC2F3DbBc2ACe3cb1F8206749eB,polygon,quickswap,0.0004094,3.41,14287.5,104949.31,0x9EC6021aEc19a555ce3C8e3367212d9812c9Aa24,1706292606000.0,No Pattern,Buy
2024-11-24T04:01:07.000014,MOON Credits,MOON,0x663Ca4A6608ba72b07Badc02148E1E55f7Cdb51a,base,uniswap,0.001134,-18.14,14515.91,225169.08,0xe8e42Ee9098da758b79DB591aC500dcfaAd53751,1728077651000.0,No Pattern,Buy
2024-11-24T04:01:07.000014,Moons,MOON,0x24404DC041d74cd03cFE28855F555559390C931b,arbitrum,camelot,0.1479,3.16,29046.28,288979.32,0x5e27A422ec06A57567a843FD65A1BBB06aC19FC0,,No Pattern,Buy
2024-11-24T04:01:07.000014,Photon Moon,MOON,Tb4hxH416X5QdQR9sZ5XiFCfc9dJ3p8xnkdxupUpump,solana,raydium,0.00002746,-1.27,9776.57,21989.65,4hhyAEU1A8QgxT7YxSEHgoCQ6EawDJnYdr9kZrCK4R9w,1731549872000.0,No Pattern,Buy
2024-11-24T04:01:08.250246,Safe Token,SAFE,0x5aFE3855358E112B5647B952709E6165e1c1eEEe,ethereum,uniswap,1.080,1.26,159956.12,1042844.75,0x000ba527862e5b82cff0F7c66b646AF023274aA1,1714913399000.0,No Pattern,Buy
2024-11-24T04:01:08.250246,Safe Token,SAFE,0x5aFE3855358E112B5647B952709E6165e1c1eEEe,ethereum,uniswap,1.077,0.19,30630.77,531886.13,0x2e7E978DA0C53404a8cf66ED4bA2c7706C07B62a,1713854807000.0,No Pattern,Buy
2024-11-24T04:01:08.250246,SAFE(AnWang),SAFE,0x4d7Fa587Ec8e50bd0E9cD837cb4DA796f47218a1,bsc,pancakeswap,2.85,-0.05,41987.23,1005769.79,0x400DB103Af7a0403C9Ab014b2B73702B89F6B4b7,1655136735000.0,No Pattern,Buy
2024-11-24T04:01:08.250246,SAFE(AnWang),SAFE,0x4d7Fa587Ec8e50bd0E9cD837cb4DA796f47218a1,bsc,pancakeswap,2.85,-0.31,5596.21,2001345.85,0xD187Ef795dcA8f6d7aa47a22ECf67649E618b445,1680575792000.0,No Pattern,Buy
2024-11-24T04:01:08.250246,SAFEMOON,SAFEMOON,J8Kk2QERNyNXDoUPekzyiqhTRGqCBJRHzpHJk4upump,solana,raydium,0.0005255,-23.81,5670124.68,119386.7,5a1ejwYH48tskje67xkDKAo6qLZQUM1fTSiN3Xm16hat,1732301710000.0,No Pattern,Buy
2024-11-24T04:01:11.361902,Chad Coin,CHAD,0x6B89B97169a797d94F057F4a0B01E2cA303155e4,ethereum,uniswap,0.000009969,-10.62,26463.71,499927.95,0x2dB388d12c56fA6Bd81b101Aa6Ec8542e315eC5C,1681783547000.0,No Pattern,Buy
2024-11-24T04:01:11.361902,Based Chad,CHAD,0xecaF81Eb42cd30014EB44130b89Bcd6d4Ad98B92,base,uniswap,0.0001259,-5.06,55661.57,601953.25,0xAe8d5B91Fca627410A3bef77f55fcfE208409a40,1710893085000.0,No Pattern,Buy
2024-11-24T04:01:11.361902,GIGA CHAD,CHAD,0xCB43bc226386f8b9d63879ee3A4C5b32E6516054,pulsechain,9inch,84.73,6.89,12862.37,146169.77,0x93df47839632B0dd6c08943864C5C29A9b9069f7,1723912615000.0,No Pattern,Buy
2024-11-24T04:01:11.361902,Yes Chad ,chad,7rdeLkyfmxujFthUNYZM7jWGEKZnT9mkeSGG1c9hpump,solana,raydium,0.0001903,-7.33,19988.17,79695.06,FRi5dHtacw7xkcU91pqTvWoZgDMDvP8XinbkzCDRRCd9,1721073790000.0,No Pattern,Buy
2024-11-24T04:01:11.361902,CHAD,CHAD,9xwuQd1GG2sj8CwedbLHiSAV6Aja7wyiahXBMQdgpump,solana,raydium,0.0002444,-12.17,7241.72,69145.78,EiHtvUxUskHZnU6oueTbaaD4gZrosfL6UnB8KGyTMMEA,1730852584000.0,No Pattern,Buy
2024-11-24T04:01:11.361902,Based Chad,CHAD,0xecaF81Eb42cd30014EB44130b89Bcd6d4Ad98B92,base,aerodrome,0.0001248,-5.67,20211.62,104218.72,0x17Cf4aBb54a9D18c90FA0e36B8669aB0f4936f2e,1711208849000.0,No Pattern,Buy
2024-11-24T04:01:11.361902,Based Chad,CHAD,0xecaF81Eb42cd30014EB44130b89Bcd6d4Ad98B92,base,uniswap,0.0001266,-5.85,15379.8,92390.57,0xbd9A5bc3F47353cEE3f335aEa173636fC5683341,1728540145000.0,Steady Growth,Buy
2024-11-24T04:01:11.361902,Based Chad,CHAD,0xecaF81Eb42cd30014EB44130b89Bcd6d4Ad98B92,base,aerodrome,0.0001250,-6.29,8406.42,18528.09,0x36104bB6Ce1EdF37076f1CF6FBaBbCDF67DDff1B,,No Pattern,Buy
2024-11-24T04:01:12.623383,BASED,BASED,Em4rcuhX6STfB7mxb66dUXDmZPYCjDiQFthvzSzpump,solana,raydium,0.005107,5.53,860830.92,548596.93,2kdetobhYcWVu8m6C2NRpDGYAiJLoj3R3AHnK4Sb4bZz,1721788807000.0,No Pattern,Buy
2024-11-24T04:01:12.623383,Based Coin,BASED,0x07d15798a67253D76cea61F0eA6F57AeDC59DffB,base,uniswap,0.00002203,44.71,9963.38,94792.79,0xD009260564aD99331260115fcf8b830FaE04B77D,1711683037000.0,No Pattern,Buy
2024-11-24T04:01:12.623383,Basedmilio,BASED,0x28e29EC91DB66733A94Ee8e3B86A6199117baF99,base,uniswap,0.001186,-15.73,43490.51,347938.56,0xF8aa1Db87D84118B0b461e2135190ac27fC1859d,1714459713000.0,No Pattern,Buy
2024-11-24T04:01:12.623383,BASED,BASED,0x32E0f9d26D1e33625742A52620cC76C1130efde6,base,uniswap,0.00001181,-9.7,18591.99,355379.64,0x8C6bCAd6ce067304d505B5d5b36f19C64A933076,1723580395000.0,No Pattern,Buy
2024-11-24T04:01:13.652408,Wojak Coin,WOJAK,0x5026F006B85729a8b14553FAE6af249aD16c9aaB,ethereum,uniswap,0.001958,8.96,4626307.78,9363249.89,0x0F23d49bC92Ec52FF591D091b3e16c937034496E,1681775291000.0,No Pattern,Buy
2024-11-24T04:01:13.652408,Wojak Coin,WOJAK,0x5026F006B85729a8b14553FAE6af249aD16c9aaB,ethereum,uniswap,0.001959,9.36,193142.43,506334.15,0x7316F8DD242974F0FD7b16dBCC68920b96Bc4Db1,1681777991000.0,No Pattern,Buy
2024-11-24T04:01:13.652408,wojak,wojak,3BaxJ5tuBS5ttHyMi9tnVLotxyUCAfNAm8yN5Qdwpump,solana,raydium,0.0006039,-5.04,14579.6,119667.73,uXDFzjc2CXdiKzGCbixw8cVgkxZj4DnwFcUVwhp5pNs,1721152486000.0,No Pattern,Buy
2024-11-24T04:01:13.652408,Wojak,Wojak,4MPA8WbyYtKiufXDSdckEoMPdN5XK1Xw9S9LSLMjK5Y4,solana,raydium,0.0002744,7.8,15083.71,59221.98,6ckfpq5wME37pAYdyK8iGmcaEuW1nhya2h4nAxKnxUGS,1707669445000.0,No Pattern,Buy
2024-11-24T04:01:13.652408,Wojak,Wojak,AytC5pZ2E6GzuPM5K7De76fhxVJBCuucUYLNcHCvhsaf,solana,raydium,0.000008273,13.49,6668.76,45289.96,HjQWkE2mGQVnwNrsnR6YcaW2iqZYSJFj879kwUsy8QB,1713957246000.0,No Pattern,Buy
2024-11-24T04:01:13.652408,Wojak Coin (Wormhole),WOJAK,6bn6rKWbTRAQwizwqEfcmpAtoAMnqzfG7F8DYMK5reYn,solana,raydium,0.001926,10.13,46253.4,79257.44,228H7urKjz9TJqFPK9R16fNXUCUHFEfmfPcTKEVSNkWK,1728775839000.0,No Pattern,Buy
2024-11-24T04:01:14.927042,MOST ELEGANT MONKEY EVER,MEME,7cyAGa4XsNDnSgnFuwmVFgp9JGqZoZYkiVyFPSke9CuP,solana,raydium,0.0006914,97.77,877483.07,125339.47,8yP8vN47fEBmoLKBdp7mwSwT4emdyrwu7Qd7xMc83RqL,1731683636000.0,No Pattern,Buy
2024-11-24T04:01:14.927042,Memecoin,MEME,0xb131f4A55907B10d1F0A50d8ab8FA09EC342cd74,ethereum,uniswap,0.01482,8.43,304968.85,873981.51,0x70cF99553471FE6C0d513ebFac8aCC55BA02ab7B,1698990467000.0,No Pattern,Buy
2024-11-24T04:01:14.927042,MEME,MPX6900,39Mzpdw7NDGiXmZZGWiCdR6Nzoc7muWuYkPsVDV4pump,solana,raydium,0.0002323,0.74,15994.96,90011.04,4NpWNtKDQPEH4P8w95SEWjvdzagR5zTY7TJvrtFrZM2k,1728454724000.0,No Pattern,Buy
2024-11-24T04:01:14.927042,Memecoin.new,MEME,0xB928E5905872bda993a4ac054E1D129e658FaDBD,base,uniswap,0.0004290,-4.88,9305.5,71112.77,0x345AB7146Dd6B4eD615720A1565da06A05Fa8F65,1729133101000.0,No Pattern,Buy
2024-11-24T04:01:14.927042,meme token,meme,0xd3D51c15948Ec951f3a86c3566D3aEB58bA32Bc7,base,uniswap,0.00001198,255.0,365963.73,11826.03,0x7Bd55550BCe40B09E9393DA5802f106E2719A621,1732360883000.0,No Pattern,Buy
2024-11-24T04:01:16.324224,Just a chill guy,CHILLGUY,Df6yfrKC8kZE3KNkrHERKzAetSxbrWeniQfyJY4Jpump,solana,raydium,0.3194,30.22,59511194.28,6886976.24,93tjgwff5Ac5ThyMi8C4WejVVQq4tuMeMuYW1LEYZ7bu,1731701302000.0,No Pattern,Buy
2024-11-24T04:01:16.324224,Based Chill Guy,CHILLGUY,0x0230e3e92840E2Db566F061AA1c4C6B2BEf8bEC0,base,uniswap,0.0004093,101.0,222160.24,75103.89,0x90daEd71fb668eD1d52bB57aDB04E2c2907f0c77,1732212843000.0,No Pattern,Buy
2024-11-24T04:01:16.324224,Just a chill guy,CHILLGUY,Df6yfrKC8kZE3KNkrHERKzAetSxbrWeniQfyJY4Jpump,solana,meteora,0.3184,29.01,15489723.94,1743320.91,DhJNSHwyQ577dKevaXBq6EAJrVcBvV7TbY1G9QNh7bJg,1732064483000.0,No Pattern,Buy
2024-11-24T04:01:16.324224,Just a chill guy,CHILLGUY,Df6yfrKC8kZE3KNkrHERKzAetSxbrWeniQfyJY4Jpump,solana,meteora,0.3186,30.8,1753537.62,82872.27,BUf6epoEfJvctdXtNhBsBFnSaWeSYNnfVaCYVQcPFQHn,1732096223000.0,No Pattern,Buy
2024-11-24T04:01:16.324224,Just a chill guy,CHILLGUY,Df6yfrKC8kZE3KNkrHERKzAetSxbrWeniQfyJY4Jpump,solana,raydium,0.3215,32.67,12155398.81,2611687.98,71m12A5zLEowFRkwunLvd1MgUUPRBbMCxQPafxkg9idF,1731980135000.0,No Pattern,Buy
2024-11-24T04:01:16.324224,Just a chill guy,CHILLGUY,0x60215DB40B04Fe029C42c56fF2E02221c1F288ef,ethereum,uniswap,0.001130,131.0,287789.2,105548.77,0xa3AD1AAF0306179F0e6E1Ac7566FC60cd24D4289,1732069031000.0,No Pattern,Buy
2024-11-24T04:01:16.324224,Just a chill guy,CHILLGUY,Df6yfrKC8kZE3KNkrHERKzAetSxbrWeniQfyJY4Jpump,solana,orca,0.3187,29.96,3044275.35,467614.31,4Eq688gAJRJiRzhFR4tKpVyRhknDvC8UkqsLmfsEzFFX,1732062382000.0,No Pattern,Buy
2024-11-24T04:01:16.324224,Just a chill guy,CHILLGUY,Df6yfrKC8kZE3KNkrHERKzAetSxbrWeniQfyJY4Jpump,solana,meteora,0.3196,33.7,300245.13,372035.06,HGxPvUzLgmMEQqJ79knNfAiVL7AnQowdATfEM5zfSTfN,1732073191000.0,No Pattern,Buy
2024-11-24T04:01:16.324224,Just a chill guy,CHILLGUY,Df6yfrKC8kZE3KNkrHERKzAetSxbrWeniQfyJY4Jpump,solana,orca,0.3184,30.32,745029.31,725273.95,HVuDfdBT7bGnqafApxXXaEXPhJeugVU4v8ZdMkDQDXYR,1732028336000.0,No Pattern,Buy
2024-11-24T04:01:16.324224,Just a chill guy,CHILLGUY,Df6yfrKC8kZE3KNkrHERKzAetSxbrWeniQfyJY4Jpump,solana,meteora,0.3202,31.07,528786.28,182193.49,7TY1m28Es8yuMVBvirmA1ypnCYG8zM52c4APSTBBxjmd,1731990243000.0,No Pattern,Buy
2024-11-24T04:01:16.324224,Just a chill guy,CHILLGUY,Df6yfrKC8kZE3KNkrHERKzAetSxbrWeniQfyJY4Jpump,solana,meteora,0.3218,31.33,521487.5,22510.75,3xaPPWQ6VYyb3P47BkWZfK5cRULjyCLYyw2dHukKhAGq,1732183880000.0,No Pattern,Buy
2024-11-24T04:01:16.324224,Just a chill guy,CHILLGUY,Df6yfrKC8kZE3KNkrHERKzAetSxbrWeniQfyJY4Jpump,solana,meteora,0.3523,35.64,154526.31,218887.58,bfDJ2t8z8X9kdJxqEYE2oM1kcmM4trK9VsPnzgfrxbd,1731769616000.0,No Pattern,Buy
2024-11-24T04:01:16.324224,Just a chill guy,CHILLGUY,Df6yfrKC8kZE3KNkrHERKzAetSxbrWeniQfyJY4Jpump,solana,raydium,0.3249,34.87,226630.28,147110.29,FWKjv3xPKVRVvmvFG8nDvUAgKnBqRm51nEBDP2mcwRHQ,1731893564000.0,No Pattern,Buy
2024-11-24T04:01:16.324224,Just a chill guy,CHILLGUY,Df6yfrKC8kZE3KNkrHERKzAetSxbrWeniQfyJY4Jpump,solana,raydium,0.3192,30.57,306692.42,22902.93,8E7aY7dvF8SkVb1JYaweBmjnMbTiex5UvSNCS3qwc3NF,1732068502000.0,No Pattern,Buy
2024-11-24T04:01:16.324224,Just a chill guy,CHILLGUY,Df6yfrKC8kZE3KNkrHERKzAetSxbrWeniQfyJY4Jpump,solana,meteora,0.3217,31.63,32046.6,100159.23,Fy8nLkanYJUPdoDXgpEpYn15E8tpEJKCukxZraPhsi2c,1731938609000.0,No Pattern,Buy
2024-11-24T04:01:16.324224,Just a chill guy,CHILLGUY,EQBmZKDhZJq-Z7Fx84R4KM_bQDpv1Pd7l4MdqkVk5FDYdb8x,ton,dedust,0.00004247,130.0,186626.57,205301.57,EQAFqBvmyFbghdnDesgzSoa1f-X7AZuW1DjaL3bAQrR0aspE,1732130966000.0,No Pattern,Buy
2024-11-24T04:01:16.324224,Just a chill guy,CHILLGUY,Df6yfrKC8kZE3KNkrHERKzAetSxbrWeniQfyJY4Jpump,solana,orca,0.3212,31.58,70527.71,45546.25,5STrPBKZKz7jAonhQfn2XT3ATEM1mXWKGwbLENhgWUKF,1732236161000.0,No Pattern,Buy
2024-11-24T04:01:16.324224,Just a chill guy,CHILLGUY,Df6yfrKC8kZE3KNkrHERKzAetSxbrWeniQfyJY4Jpump,solana,meteora,0.3193,30.66,32726.9,39808.6,EtAdVRLFH22rjWh3mcUasKFF27WtHhsaCvK27tPFFWig,1732065644000.0,No Pattern,Buy
2024-11-24T04:01:16.324224,Just a chill guy,CHILLGUY,Df6yfrKC8kZE3KNkrHERKzAetSxbrWeniQfyJY4Jpump,solana,orca,0.3196,31.93,26030.16,38325.42,5HygKG1zJK7zb6w6Vy3xuoKp2ubjTNLEgQqg2k5pZw7x,1732067738000.0,No Pattern,Buy
2024-11-24T04:01:16.324224,Just a chill guy,CHILLGUY,Df6yfrKC8kZE3KNkrHERKzAetSxbrWeniQfyJY4Jpump,solana,meteora,0.3204,31.55,92941.37,22335.34,6mmF8RZbbfuAndLsKfAVtruaYvnfuKLAmZ1poQiqowYS,1732173893000.0,No Pattern,Buy
2024-11-24T04:01:17.720866,Capybara Nation,BARA,0xF24409D155965ca87c45aD5BC084aD8aD3Be4f39,cronos,vvsfinance,0.00001598,-16.09,21795570.7,8109212.09,0xc77580d7AeB496ebc9163F1E11059821EC63E47C,1732001569000.0,No Pattern,Buy
2024-11-24T04:01:17.720866,Capybara,BARA,0xF190dbD849E372FF824e631a1FdF199f38358BCf,ethereum,uniswap,0.001208,-50.73,19645.61,85545.19,0x717F65f49cb2Cf496872fED1e2DB888Dcf494001,1684076639000.0,No Pattern,Buy
2024-11-24T04:01:17.720866,#1 chill animal,CAPYBARA,7cWeM4kSGP2Mfm83k6F9BHukqeWccSYXq6bWFuu8THMN,solana,raydium,0.0001294,-81.61,4852213.55,49058.2,4Z5qYmuo8R43n54ewyxM5MdSxH6Kp3iVcEU5994LkuzB,1732273864000.0,No Pattern,Buy
2024-11-24T04:01:17.720866,Capybara Doge,CAPYDOGE,0x8159f1f713f39d897a9cf4454e69f2ed6752d5da7722171ec8435211e17e65f3::capydoge::CAPYDOGE,sui,cetus,0.0001060,511.0,203881.25,34813.07,0x6f506e1903be58d29220a0353342333b88b0b2de2be3abe18bb24e59a3419ede,1732405955000.0,No Pattern,Buy
2024-11-24T04:01:17.720866,Capybara,CAPY,CAPYD6Lrm7bTZ6C7t7JvSxvpEcfKQ9YNB7kUjh6p6XBN,solana,raydium,0.002194,-72.4,145427.91,13736.24,81QxnQMtP5WwYCB4hZFiarYK1UrfTabu8uTbgShMSDYz,1669872855000.0,No Pattern,Buy
2024-11-24T04:01:18.903155,MAGA,TRUMP,0x576e2BeD8F7b46D34016198911Cdf9886f78bea7,ethereum,uniswap,1.89,10.16,1817876.54,5409182.6,0xE4b8583cCB95b25737C016ac88E539D0605949e8,1691792927000.0,No Pattern,Buy
2024-11-24T04:01:18.903155,MAGA,TRUMP,0x4eA98c1999575aaadfb38237Dd015c5E773F75a2,bsc,pancakeswap,1.85,9.4,547217.6,89018.73,0x032AB93B734BEf57D98552EB56839F0995D4FB28,1708978398000.0,No Pattern,Buy
2024-11-24T04:01:18.903155,Donald Trump,TRUMP,4h8LjZWUfUQVgbEZ29UzTuGXNW6rwrJis78ZU66ekkPV,solana,raydium,0.001107,-12.19,77657.0,230937.89,8JtX8XisBa56XBqND5mgeNzVoigLCWLLF1t28Da21SZc,1716804769000.0,No Pattern,Buy
2024-11-24T04:01:18.903155,MAGA,TRUMP,0x57F5fbD3DE65DFC0bd3630F732969e5fb97E6d37,base,uniswap,1.81,5.84,417082.28,86654.0,0xAA4bdf13c4ca0594Daebb38Ae7D772B7e975B284,1710987537000.0,No Pattern,Buy
2024-11-24T04:01:18.903155,MAGA (Wormhole),TRUMP,HaP8r3ksG76PhQLTqR8FYBeNiQpejcFbQmiHbg787Ut1,solana,orca,1.82,5.59,131502.43,179252.57,7m4HiA2ARD1WN3QbrXqwq4ocPcvuaXHq7XqetGzRpCu8,1709332414000.0,No Pattern,Buy
2024-11-24T04:01:18.903155,MAGA,TRUMP,0x2e1d332893Dc16124194E598a29866D2d5e8786b,base,uniswap,0.01488,-14.37,19604.0,111408.82,0xd33805985642Fa9338e1Fa150cA811406F96F0dE,1716908775000.0,No Pattern,Buy
2024-11-24T04:01:18.903155,TRUMP,TRUMP,AwRErBEFGTnohzfLeRSBH9HddQEy2oeRxnWLrbvFFh95,solana,raydium,0.000004283,-7.96,10193.78,120339.19,GKSf56Lk6U3K3DDHJ4nmdq6Sp3HsCRv8XCR1nQmqvM1d,1706232722000.0,No Pattern,Buy
2024-11-24T04:01:18.903155,Trump,TRUMP,DBNLn6C32cMmbh8ABcioWgv3ninciwUyfjgL1wyCpSxG,solana,raydium,0.00006435,-6.7,6254.03,50594.62,baioWevV6qNA1RvodT3JVyvZFsbtxvYoNbggsxKJjjN,1729895996000.0,No Pattern,Buy
2024-11-24T04:01:18.903155,MAGA (Wormhole),TRUMP,HaP8r3ksG76PhQLTqR8FYBeNiQpejcFbQmiHbg787Ut1,solana,meteora,1.80,5.49,184210.17,13412.07,36TsKemnPVWg68Vnpkz5mEerhcZjNsRM4UsBKgHYyZk2,1715228997000.0,No Pattern,Buy
2024-11-24T04:01:19.933875,ELON MUSK,ELON,S3UfdK2HQP41nr47dE7Uyjz4awaNyDy5u21ysW9hsVw,solana,raydium,0.00004173,-47.25,407541.15,31922.38,F6zM8vVZDmsxt8gCH7cii3pB7thdvMBhMDQeupEPGZT3,1732366797000.0,No Pattern,Buy
2024-11-24T04:01:19.933875,Elon,ELON,0x69420E3A3aa9E17Dea102Bb3a9b3B73dcDDB9528,ethereum,uniswap,0.000008661,-10.25,91425.06,1098488.09,0xD6b117076222D95A05032A99f10738103C60D64d,1713942215000.0,No Pattern,Buy
2024-11-24T04:01:19.933875,Elon Musk,ELON,BqYJQ6hVYxYzGrSbUyXy52oP6aFduq1PRxUVSrFtuDgz,solana,raydium,0.0008673,-28.22,154896.96,207118.65,ENHZBWtBvy6b6jUJBmctdUZGw2RYbZR4MzS6r9qC7YuC,1718004365000.0,No Pattern,Buy
2024-11-24T04:01:19.933875,First Buddy,ELON,2tT6482KB9rZ5SaXzrHQNYMNbpMdAFHQ3MJSFLiApump,solana,raydium,0.0001736,-16.28,8150.35,72118.76,AMWhhm6z6B44hUzz61QFuUsWAgCzFVxNWKV454qAUvRM,1731357788000.0,Steady Growth,Buy
2024-11-24T04:01:19.933875,Head of D.O.G.E,ELON,6D5yvcStTtDByiFgT8uZ9F8M4Q4mFfv83kZJiwSSpump,solana,raydium,0.00006696,-16.88,5666.89,41106.43,5ioj2E7ibSPJ1Vynv3YGM2H65iaJ9xzir56JLsrVRXVD,1731540539000.0,No Pattern,Buy
2024-11-24T04:01:21.117564,MAGA,TRUMP,0x576e2BeD8F7b46D34016198911Cdf9886f78bea7,ethereum,uniswap,1.89,10.16,1817876.54,5409182.6,0xE4b8583cCB95b25737C016ac88E539D0605949e8,1691792927000.0,No Pattern,Buy
2024-11-24T04:01:21.117564,MAGA,TRUMP,0x4eA98c1999575aaadfb38237Dd015c5E773F75a2,bsc,pancakeswap,1.85,9.96,547219.16,89018.73,0x032AB93B734BEf57D98552EB56839F0995D4FB28,1708978398000.0,No Pattern,Buy
2024-11-24T04:01:21.117564,MAGA,MAGA,0xD29DA236dd4AAc627346e1bBa06A619E8c22d7C5,ethereum,uniswap,0.00006541,-2.03,432495.05,2491914.7,0x0c3FDf9C70835F9Be9dB9585eCB6A1Ee3f20a6c7,1715868491000.0,No Pattern,Buy
2024-11-24T04:01:21.117564,MAGA,TRUMP,0x57F5fbD3DE65DFC0bd3630F732969e5fb97E6d37,base,uniswap,1.81,5.84,417082.28,86654.0,0xAA4bdf13c4ca0594Daebb38Ae7D772B7e975B284,1710987537000.0,No Pattern,Buy
2024-11-24T04:01:21.117564,MAGA,TRUMP,0x2e1d332893Dc16124194E598a29866D2d5e8786b,base,uniswap,0.01488,-14.37,19604.0,111408.82,0xd33805985642Fa9338e1Fa150cA811406F96F0dE,1716908775000.0,No Pattern,Buy
2024-11-24T04:01:21.117564,MAGA,MAGA,sfYDFZJguyF4YLZjje7qwwh41NRymFfZ3QXZbVm7Eyg,solana,raydium,0.006027,7.13,10774.1,138502.34,Fy34rwoH6LVFh2SVktoiAECD4V3Rq6WQgQcyVnqa5p5r,1716732812000.0,No Pattern,Buy
2024-11-24T04:01:21.117564,maek amuraca graet agun,maga,TrumptpNNBEgVjDc8bnemRTNYZKhdsst9ujNAnTSHqp,solana,raydium,0.0002115,-27.47,10464.7,57042.69,6ik3QfYQB1h12H97FmrCfpPXik7LTSVp85LkexKoqYng,1712524299000.0,No Pattern,Buy
2024-11-24T04:01:21.117564,TRUMP MAGA,MAGA,B3eiCY3EjyZoehW6LqwiVQttL5u1cNrVDXZ6smx1pi88,solana,orca,0.004183,-0.02,5245.33,27734323.97,3AcZuBMwKqLn9YTUgB6kbPaj2vsAkStErb8GY7EgpzKC,1730807258000.0,No Pattern,Buy
2024-11-24T04:01:21.117564,MAGA ,MAGA ,DSmFJhBc2roUjnCLBDErQk2sY6PMkQPJBLNgaz6Jpump,solana,raydium,0.000005964,-95.13,3437612.21,11578.47,8zxnHNGqcA7KTZzXbUgMYMUWVvpQaFbwNtqS7SfSPr7n,1732362356000.0,No Pattern,Buy
2024-11-24T04:29:00.851947,PEPE,PEPE,0x06ce3E5eD701834e4d1FA2564295B9fB742823e7,base,uniswap,0.000001227,268.0,463447.32,102291.22,0x44101C980533FD778E106f8bCfB579c545A7fbb1,1732352183000.0,No Pattern,Buy
2024-11-24T04:29:00.851947,Pepe,PEPE,0x6982508145454Ce325dDbE47a25d4ec3d2311933,ethereum,uniswap,0.00002086,3.68,13347748.61,69736896.08,0xA43fe16908251ee70EF74718545e4FE6C5cCEc9f,1681492871000.0,No Pattern,Buy
2024-11-24T04:29:00.852939,Pepe,PEPE,0x6982508145454Ce325dDbE47a25d4ec3d2311933,ethereum,uniswap,0.00002091,3.81,8809190.18,7775697.37,0x11950d141EcB863F01007AdD7D1A342041227b58,1681942955000.0,No Pattern,Buy
2024-11-24T04:29:00.852939,Pepe,Pepe,B5WTLaRwaUQpKk7ir1wniNB6m5o8GgMrimhKMYan2R6B,solana,raydium,0.004645,16.04,382777.24,872187.94,FCEnSxyJfRSKsz6tASUENCsfGwKgkH6YuRn1AMmyHhZn,1716658709000.0,No Pattern,Buy
2024-11-24T04:29:00.852939,Pepe,PEPE,0x6982508145454Ce325dDbE47a25d4ec3d2311933,ethereum,uniswap,0.00002092,4.19,59477.23,512673.05,0xcEE31C846CbF003F4cEB5Bbd234cBA03C6e940C7,1681757015000.0,No Pattern,Buy
2024-11-24T04:29:00.852939,Pepe,PEPE,0x6982508145454Ce325dDbE47a25d4ec3d2311933,ethereum,uniswap,0.00002088,3.36,33748.72,426389.72,0xF239009A101B6B930A527DEaaB6961b6E7deC8a6,1681701395000.0,No Pattern,Buy
2024-11-24T04:29:00.852939,Pepe,PEPE,F9CpWoyeBJfoRB8f2pBe2ZNPbPsEE76mWZWme3StsvHK,solana,raydium,0.002103,6.6,43845.38,191202.02,4YcwqxR7eoH29rF2G7U9YmtzCt1n7tyHcywg3Emif85s,1674311403000.0,No Pattern,Buy
2024-11-24T04:29:00.852939,PEPE,PEPE,2Zaq3WyDJj2ZkMcuqUiTBfAXCjqZtqihxcwUdwv9dyHA,solana,raydium,0.003602,-4.58,18052.65,346724.15,GdYgVJ6L5KEuiCkGcNXdaaoog4gFjeVPR2NJd3BFRYF5,1713027382000.0,No Pattern,Buy
2024-11-24T04:29:00.852939,pepecoin on SOL,pepe,3tS6fbLh2P8tzxXuqCiHZpZhsxJpmrR3Xb9psmypnp69,solana,raydium,0.0003806,-1.8,9584.26,78563.4,8q4AtF5SXK6Qp3KzbD5K6WxB8oR2bcT5h4NFCNANmuFj,1703330448000.0,No Pattern,Buy
2024-11-24T04:29:00.852939,PEPE GOLD,PEPE,846XGqAnEhKFwc3QL2e5PQhSRvEbn9KspuxJ3nhY92kh,solana,raydium,0.00004139,-0.58,17807.14,42919.61,4Dr8FQyynbQKo6duxFZWbJDeXKppX2dUiUKsNGLmSr5U,1717159416000.0,No Pattern,Buy
2024-11-24T04:29:02.229021,Wojak Coin,WOJAK,0x5026F006B85729a8b14553FAE6af249aD16c9aaB,ethereum,uniswap,0.001913,8.87,4594582.95,9244655.27,0x0F23d49bC92Ec52FF591D091b3e16c937034496E,1681775291000.0,No Pattern,Buy
2024-11-24T04:29:02.229021,Wojak Coin,WOJAK,0x5026F006B85729a8b14553FAE6af249aD16c9aaB,ethereum,uniswap,0.001924,8.38,195151.62,500833.83,0x7316F8DD242974F0FD7b16dBCC68920b96Bc4Db1,1681777991000.0,No Pattern,Buy
2024-11-24T04:29:02.229021,wojak,wojak,3BaxJ5tuBS5ttHyMi9tnVLotxyUCAfNAm8yN5Qdwpump,solana,raydium,0.0006048,-4.91,14716.22,119502.48,uXDFzjc2CXdiKzGCbixw8cVgkxZj4DnwFcUVwhp5pNs,1721152486000.0,No Pattern,Buy
2024-11-24T04:29:02.229021,Wojak,Wojak,4MPA8WbyYtKiufXDSdckEoMPdN5XK1Xw9S9LSLMjK5Y4,solana,raydium,0.0002721,5.59,15305.16,58920.28,6ckfpq5wME37pAYdyK8iGmcaEuW1nhya2h4nAxKnxUGS,1707669445000.0,Steady Growth,Buy
2024-11-24T04:29:02.229021,Wojak,Wojak,AytC5pZ2E6GzuPM5K7De76fhxVJBCuucUYLNcHCvhsaf,solana,raydium,0.000008273,13.49,6668.76,45289.96,HjQWkE2mGQVnwNrsnR6YcaW2iqZYSJFj879kwUsy8QB,1713957246000.0,No Pattern,Buy
2024-11-24T04:29:02.229021,Wojak Coin (Wormhole),WOJAK,6bn6rKWbTRAQwizwqEfcmpAtoAMnqzfG7F8DYMK5reYn,solana,raydium,0.001926,9.57,46192.15,79257.44,228H7urKjz9TJqFPK9R16fNXUCUHFEfmfPcTKEVSNkWK,1728775839000.0,No Pattern,Buy
2024-11-24T04:29:03.452168,Department of Gov Efficiency,DOGE,9TY6DUg1VSssYH5tFE95qoq5hnAGFak4w3cn72sJNCoV,solana,raydium,0.7841,-21.4,3209778.19,948463.09,3pvmL7M24uqzudAxUYmvixtkWTC5yaDhTUSyB8cewnJK,1730196036000.0,No Pattern,Buy
2024-11-24T04:29:03.452168,Department Of Government Efficiency,DOGE,0x1121AcC14c63f3C872BFcA497d10926A6098AAc5,ethereum,uniswap,0.2199,-10.37,7514560.44,6431722.28,0x308C6fbD6a14881Af333649f17f2FdE9cd75e2a6,1724119115000.0,No Pattern,Buy
2024-11-24T04:29:03.452168,Department Of Government Efficiency,DOGE,0x1121AcC14c63f3C872BFcA497d10926A6098AAc5,ethereum,uniswap,0.2202,-9.44,1632388.4,1892316.1,0x60B0dAd2d7D65b7D6eFc0B746687020cCeF0a233,1724128943000.0,No Pattern,Buy
2024-11-24T04:29:03.452168,Department Of Government Efficiency,DOGE,0x81FcC294d91bd8FFC8a822d7df0e2fD2f8526c39,ethereum,uniswap,0.001627,-25.53,42207.48,137546.02,0x48aA3f93662d84b0534BfF80019BbE82EF94b72b,1724133491000.0,No Pattern,Buy
2024-11-24T04:29:03.452168,DogeElonTrumpPepeMaga,DOGE,0x5c57de207E5075FE3b6cbba74c4B0B4B520B31Ae,base,uniswap,2742.63,491471.0,11633749.31,525967.73,0xEF9497d98C89F34ae881Cc533805e9e10fc8E995,1732076413000.0,No Pattern,Buy
2024-11-24T04:29:03.452168,Department Of Governm (Wormhole),DOGE,KQijDbNJ6rPCqhtXrfH6gKa5cH3a39At8vHq34nnPbF,solana,raydium,0.2199,-11.03,1251211.97,610961.14,7ESTvPaxJGbfGTZgHtmKEfJxQYjNsKfyTaKK23CZnrLF,1730337395000.0,No Pattern,Buy
2024-11-24T04:29:03.452168,DOGECOIN,DOGE,0x80E3Ee7bAB68fEAea6e01c44df9daa5de53e4818,base,uniswap,0.0008770,41.16,32609.74,129636.79,0x95Dd03e7dF28a7fDbB2e36A5675034937218A6Ae,1714407965000.0,No Pattern,Buy
2024-11-24T04:29:03.452168,Doge,Doge,Hk82ay38uGpYgqjdXXCiATavVQwAMaBNyxsUWbapmKuL,solana,raydium,0.0002864,0.02,6954.67,117512.17,3AuKtCpaLG6ds6knC4w5AaibxYLQamWGNkHNPBJHp5fp,1716681795000.0,No Pattern,Buy
2024-11-24T04:29:03.452168,Department of Gov Efficiency,DOGE,9TY6DUg1VSssYH5tFE95qoq5hnAGFak4w3cn72sJNCoV,solana,orca,0.7816,-21.53,90471.08,215036.24,3rkiPz4yL23s5eK4kfz6TrWZfSYAAvUVBMcvx6cHDZ2j,1730273455000.0,No Pattern,Buy
2024-11-24T04:29:03.452168,Dogecoin,DOGE,0xbA2aE424d960c26247Dd6c32edC70B295c744C43,bsc,pancakeswap,0.4420,3.36,21050478.32,4813057.94,0xce6160bB594fC055c943F59De92ceE30b8c6B32c,1680548375000.0,No Pattern,Buy
2024-11-24T04:29:03.452168,Dogecoin,DOGE,0xbA2aE424d960c26247Dd6c32edC70B295c744C43,bsc,pancakeswap,0.4427,4.01,8569685.47,1338025.51,0x353d328eFbEf48b79a570cBc2fdE20F40e9f2063,1731647297000.0,No Pattern,Buy
2024-11-24T04:29:03.452168,Department of Government Efficiency,DOGE,0x572Cd3d0e7532439eeAa8cF4C129D2264B6e515f,pulsechain,pulsex,0.0007755,-18.89,5939.3,12827.2,0x722A40Dbc6dad4a6d088658461be7fe8b4F2919D,1724367705000.0,No Pattern,Buy
2024-11-24T04:29:03.452168,DogeCoin,DOGE,43DCU6q6YQr9R8ymqoKvuAfGQdn83BcmJooiHoBzrg4B,solana,raydium,0.000008696,-7.96,7793.74,43243.02,Bzd6HtjjBydTqjXpk6oqkx8XzMCsxXoSJwoxiPT1uLKq,1707148695000.0,Steady Growth,Buy
2024-11-24T04:29:03.452168,Department Of Government Efficiency,DOGE,0x1121AcC14c63f3C872BFcA497d10926A6098AAc5,ethereum,uniswap,0.2187,-7.04,34462.41,14382.51,0xD493B1934826EeABB260F55D7f51FDEfa4b0EEd5,1725888311000.0,No Pattern,Buy
2024-11-24T04:29:03.452168,Dogecoin,DOGE,0xbA2aE424d960c26247Dd6c32edC70B295c744C43,bsc,pancakeswap,0.4433,3.86,1378858.64,1850696.5,0xac109C8025F272414fd9e2faA805a583708A017f,1619230059000.0,No Pattern,Buy
2024-11-24T04:29:03.452168,Dogecoin,DOGE,0x4206931337dc273a630d328dA6441786BfaD668f,ethereum,uniswap,0.4434,4.15,1526473.38,6097989.34,0xfCd13EA0B906f2f87229650b8D93A51B2e839EBD,1618960759000.0,No Pattern,Buy
2024-11-24T04:29:03.452168,Department Of Governm (Wormhole),DOGE,B54Fyr1XrWNA5RsRRkovoVFwQwzwBfqaJPLoFR4pMoAX,solana,raydium,0.001633,-30.21,25750.63,17699.4,73x5cdYcoLChnqQqGcUUwtC5UJk9LHursh9KVxNuAoZd,1724153988000.0,No Pattern,Buy
2024-11-24T04:29:03.452168,Dogecoin,DOGE,0x1a8E39ae59e5556B56b76fCBA98d22c9ae557396,cronos,vvsfinance,0.4454,4.35,472109.57,482638.14,0x2A560f2312CB56327AD5D65a03F1bfEC10b62075,1639466893000.0,No Pattern,Buy
2024-11-24T04:29:03.452168,Dogecoin,DOGE,factory/osmo10pk4crey8fpdyqd62rsau0y02e3rk055w5u005ah6ly7k849k5tsf72x40/alloyed/allDOGE,osmosis,osmosis,0.4490,10.35,129054.4,558854.46,2308,1731354938000.0,No Pattern,Buy
2024-11-24T04:29:03.452168,Dogecoin,DOGE,0x4206931337dc273a630d328dA6441786BfaD668f,ethereum,uniswap,0.4443,3.66,1697845.14,7539054.85,0xc0067d751FB1172DBAb1FA003eFe214EE8f419b6,1611004489000.0,No Pattern,Buy
2024-11-24T04:29:04.836505,SHIBA INU,SHIB,5MBBsoCVddAuF8XixvCcXNbHAw6WfpZ8WyTKMmczxxRN,solana,raydium,0.0001005,18.23,118033.36,116417.26,36y1LqJQNL7jPU4hUoFhGegXNQHKJggGkg5inSukRTuR,1707724801000.0,No Pattern,Buy
2024-11-24T04:29:04.836505,shibwifhat,SHIB,F6qoefQq4iCBLoNZ34RjEqHjHkD8vtmoRSdw9Nd55J1k,solana,raydium,0.001708,-0.4,39011.4,321282.97,14bLC2KcZ2yFyCDSzHsNemoXUGf9fCmgqQ8jeHEfr3Ed,1707189553000.0,No Pattern,Buy
2024-11-24T04:29:04.836505,Strategic Hub for Innovation in Blockchain,SHIB,0xF4b7B9ab55A2eeb3bD6123B8f45B0abfFd5089c7,ethereum,uniswap,0.001395,-35.13,25164.59,51487.16,0x9c99C9908f1c731479F51C192109dce081F3e8B7,1731086459000.0,No Pattern,Buy
2024-11-24T04:29:04.836505,SHIBA INU,SHIB,0x95aD61b0a150d79219dCF64E1E6Cc01f0B64C4cE,ethereum,shibaswap,0.00002723,-0.57,2133721.16,8135426.98,0xCF6dAAB95c476106ECa715D48DE4b13287ffDEAa,1625545149000.0,No Pattern,Buy
2024-11-24T04:29:04.836505,SHIBA INU,SHIB,0x95aD61b0a150d79219dCF64E1E6Cc01f0B64C4cE,ethereum,uniswap,0.00002713,-0.97,4135246.0,2970637.49,0x2F62f2B4c5fcd7570a709DeC05D68EA19c82A9ec,1620241691000.0,No Pattern,Buy
2024-11-24T04:29:04.836505,SHIBA INU,SHIB,0x95aD61b0a150d79219dCF64E1E6Cc01f0B64C4cE,ethereum,uniswap,0.00002722,-0.6,404624.74,1835718.3,0x811beEd0119b4AfCE20D2583EB608C6F7AF1954f,1596228131000.0,No Pattern,Buy
2024-11-24T04:29:04.836505,SHIBA INU,SHIB,0x2859e4544C4bB03966803b044A93563Bd2D0DD4D,bsc,pancakeswap,0.00002709,-0.57,713306.61,224132.02,0xE8DF1539b380274f1f8205A8f45a7Cc266793518,1681299388000.0,No Pattern,Buy
2024-11-24T04:29:04.836505,Shiba Inu,SHIB,factory/osmo1f588gk9dazpsueevdl2w6wfkmfmhg5gdvg2uerdlzl0atkasqhsq59qc6a/alloyed/allSHIB,osmosis,osmosis,0.00002827,10.84,21324.07,135886.05,2185,1726868399000.0,No Pattern,Buy
2024-11-24T04:29:04.836505,SHIBA INU,SHIB,0x95aD61b0a150d79219dCF64E1E6Cc01f0B64C4cE,ethereum,uniswap,0.00002746,0.45,392890.13,1072898.54,0x5764a6F2212D502bC5970f9f129fFcd61e5D7563,1620244947000.0,No Pattern,Buy
2024-11-24T04:29:04.836505,SHIBA INU,SHIB,0x95aD61b0a150d79219dCF64E1E6Cc01f0B64C4cE,ethereum,0xD9CE49caf7299DaF18ffFcB2b84a44fD33412509,0.00002744,0.66,1063045.6,1543125.37,0xaB21798D88EE0854F99F1D148c1e59f238E561Fe,1729786907000.0,No Pattern,Buy
2024-11-24T04:29:04.836505,SHIBA INU,SHIB,0x95aD61b0a150d79219dCF64E1E6Cc01f0B64C4cE,ethereum,shibaswap,0.00002714,-1.04,12440.75,95423.22,0x98C2b0681d8BF07767826eA8BD3b11b0Ca421631,1625545820000.0,No Pattern,Buy
2024-11-24T04:29:04.836505,SHIBA INU,SHIB,0x95aD61b0a150d79219dCF64E1E6Cc01f0B64C4cE,ethereum,uniswap,0.00002735,-2.59,9949.32,143208.91,0x248823dF26180700e56f632dd7Fa64a4d63f9DB1,1689409607000.0,No Pattern,Buy
2024-11-24T04:29:04.836505,SHIBA INU,SHIB,0x2859e4544C4bB03966803b044A93563Bd2D0DD4D,bsc,pancakeswap,0.00002717,-0.32,81666.65,132710.2,0x6b7b3523a6660a5fcE3c28E1536CC8dd8D57f7E0,1621686005000.0,No Pattern,Buy
2024-11-24T04:29:04.836505,SHIBA INU,SHIB,0x2859e4544C4bB03966803b044A93563Bd2D0DD4D,bsc,apeswap,0.00002718,-0.19,58067.01,117061.58,0xC0AFB6078981629F7eAe4f2ae93b6DBEA9D7a7e9,1622413778000.0,No Pattern,Buy
2024-11-24T04:29:04.836505,SHIBA INU,SHIB,0x2859e4544C4bB03966803b044A93563Bd2D0DD4D,bsc,babyswap,0.00002716,-0.25,51900.74,104527.56,0x14C594222106283dd6D155b9d00a943b94153066,1622557949000.0,No Pattern,Buy
2024-11-24T04:29:04.836505,SHIBA INU,SHIB,0x2859e4544C4bB03966803b044A93563Bd2D0DD4D,bsc,dinosaureggs,0.00002720,-0.37,134016.05,763594.44,0x98386f283E088ad53048376fc1c3bf2F726f775A,1633770468000.0,No Pattern,Buy
2024-11-24T04:29:04.836505,SHIBA INU,SHIB,0x2859e4544C4bB03966803b044A93563Bd2D0DD4D,bsc,biswap,0.00002717,-0.69,41789.7,94037.25,0x49859419c83465eeeEdD7b1D30dB99CE58C88Ec3,1635493181000.0,No Pattern,Buy
2024-11-24T04:29:04.836505,SHIBA INU (PoS),SHIB,0x6f8a06447Ff6FcF75d803135a7de15CE88C1d4ec,polygon,uniswap,0.00002738,1.06,106883.36,48620.48,0x399C01cd004866c0F3280892bAc9aaB8eb0805Ca,1640234799000.0,No Pattern,Buy
2024-11-24T04:29:04.836505,SHIBA INU,SHIB,0x95aD61b0a150d79219dCF64E1E6Cc01f0B64C4cE,ethereum,shibaswap,0.00002725,-0.75,7799.84,63046.59,0x9379F5e035CF6148c6bbEE1D6415795cc773b0A4,1625590313000.0,No Pattern,Buy
2024-11-24T04:29:04.836505,SHIBA INU,SHIB,0x95aD61b0a150d79219dCF64E1E6Cc01f0B64C4cE,ethereum,uniswap,0.00002756,0.98,10123.86,52749.22,0x94E4b2E24523CF9B3e631A6943C346dF9687c723,1620434555000.0,No Pattern,Buy
2024-11-24T04:29:04.836505,SHIBA INU,SHIB,0x2859e4544C4bB03966803b044A93563Bd2D0DD4D,bsc,pancakeswap,0.00002707,-0.4,57850.92,55388.23,0x2D515b3A46a6F19957af7b448132f43f95dcad40,1621521266000.0,No Pattern,Buy
2024-11-24T04:29:04.836505,SHIBA INU (PoS),SHIB,0x6f8a06447Ff6FcF75d803135a7de15CE88C1d4ec,polygon,quickswap,0.00002724,-0.38,12208.48,14481.88,0x5FB641De2663e8a94C9dea0a539817850d996e99,1622696042000.0,No Pattern,Buy
2024-11-24T04:29:04.836505,SHIBA INU (PoS),SHIB,0x6f8a06447Ff6FcF75d803135a7de15CE88C1d4ec,polygon,dfyn,0.00002724,0.26,8416.95,15684.43,0x2aa5308573C3b4c0a5032B64Cf7E593610A4De43,1635803585000.0,No Pattern,Buy
2024-11-24T04:29:10.880879,Floki,FLOKI,CP7xS4pHRuZS5M5FvnpRQXNfFwCpoPyHRNnupfkDHhah,solana,raydium,0.001927,31.69,18632.49,63317.16,FkvjFiiUjG57GmHkC8NeAJqgePqTXRvWUnm5h6hHXbfb,1709370835000.0,No Pattern,Buy
2024-11-24T04:29:10.880879,FLOKI,FLOKI,0xcf0C122c6b73ff809C693DB761e7BaeBe62b6a2E,ethereum,uniswap,0.0002503,1.75,2476339.15,26141074.21,0xca7c2771D248dCBe09EABE0CE57A62e18dA178c0,1642898407000.0,No Pattern,Buy
2024-11-24T04:29:10.880879,FLOKI,FLOKI,0xfb5B838b6cfEEdC2873aB27866079AC55363D37E,bsc,pancakeswap,0.0002499,1.86,3371457.4,25518289.35,0x231d9e7181E8479A8B40930961e93E7ed798542C,1642940174000.0,No Pattern,Buy
2024-11-24T04:29:10.880879,FLOKI,FLOKI,0xfb5B838b6cfEEdC2873aB27866079AC55363D37E,bsc,apeswap,0.0002502,1.88,1576398.35,1164554.87,0xACC22e0Ff64E788e6AD569a57d130B9d957494dc,1659653048000.0,No Pattern,Buy
2024-11-24T04:29:10.880879,FLOKI,FLOKI,0xfb5B838b6cfEEdC2873aB27866079AC55363D37E,bsc,biswap,0.0002502,1.88,105073.91,913228.8,0xADBfE34e35EDb3D31F4Bd1AF5a513f4C57CDc5e9,1643022058000.0,No Pattern,Buy
2024-11-24T04:29:10.880879,FLOKI,FLOKI,1889681715,algorand,tinyman,0.0002540,1.68,5741.66,41461.92,TU2AKIQDT3TFXZFVQYYYDYYIEEXMQYNOHRRKFONCOAGYP7MYG62DUEKQRM,1717161645000.0,No Pattern,Buy
2024-11-24T04:29:10.880879,FLOKI,FLOKI,0xBf2C2a77Be1974853228EFB858e7e0547bbd686D,cronos,vvsfinance,0.0002498,2.12,6692.64,35387.43,0x3b3Ae49bDD1159909fE9c3E53F89Adf27C97D829,1683607005000.0,No Pattern,Buy
2024-11-24T04:29:10.880879,FLOKI,FLOKI,0xfb5B838b6cfEEdC2873aB27866079AC55363D37E,bsc,thena,0.0002507,1.76,11666.24,12114.66,0x5135c813d5f9d3624221b3BdBaC805339Fa5a591,,No Pattern,Buy
2024-11-24T04:29:12.185384,INU,INU,DbaSVQ87gQumixFumMHCrMKFpq5dSYNtKiVNDw3Vpump,solana,raydium,0.001420,3.51,209827.23,309259.01,81NWnbcpGzhgiioBUBfmTLmu1QHcCpthwYENPJK8QiWm,1720786243000.0,No Pattern,Buy
2024-11-24T04:29:12.185384,Polar Inu,POLAR ,GMBA3jpN1pzkQfFh8RSQ1rCT9qCaDLYMF51mtbWMpump,solana,raydium,0.0002396,130.0,4511210.52,72027.41,37mY5ZKasutqmEu1tFnhoLJrygJDWD2zHUauJrYguUYe,1732375956000.0,No Pattern,Buy
2024-11-24T04:29:12.185384,Koma Inu,KOMA,0xd5eaAaC47bD1993d661bc087E15dfb079a7f3C19,bsc,pancakeswap,0.05087,-5.86,717962.81,2078892.48,0x0eC12dB33551AFBa853b691B4EDf49196eA0e99A,1728223865000.0,No Pattern,Buy
2024-11-24T04:29:12.185384,COQINU,COQ,0x420FcA0121DC28039145009570975747295f2329,avalanche,traderjoe,0.000002125,4.02,2749768.87,4387130.21,0x41aB86EEcBd110a82cA602D032a461f453066F1E,1701957774000.0,No Pattern,Buy
2024-11-24T04:29:12.185384,HarryPotterObamaSonic10Inu,BITCOIN,0x72e4f9F808C49A2a61dE9C5896298920Dc4EEEa9,ethereum,uniswap,0.2736,17.96,2588333.69,14243430.02,0x0c30062368eEfB96bF3AdE1218E685306b8E89Fa,1683853799000.0,No Pattern,Buy
2024-11-24T04:29:12.185384,HarryPotterObamaSonic10Inu,BITCOIN,0x72e4f9F808C49A2a61dE9C5896298920Dc4EEEa9,ethereum,uniswap,0.2761,20.46,127380.95,108008.3,0x2cC846fFf0b08FB3bFfaD71f53a60B4b6E6d6482,1683700919000.0,No Pattern,Buy
2024-11-24T04:29:12.185384,No1 tiktok cat,puff,9DZvu8yahirm6NagRa7Cm484VbUwZYKRm3xvpMrbpump,solana,raydium,0.0005895,22.54,444425.6,154867.77,5Zx8b6oDWtWM39861T1YMnBS2EmDH7BR58GG8TiNuEDm,1727454922000.0,No Pattern,Buy
2024-11-24T04:29:12.185384,FANTOMSONICINU,fSONIC,0x05e31a691405d06708A355C029599c12d5da8b28,fantom,equalizer,898.17,22.16,72520.88,799364.91,0x767520fA98e1E24b3326fD42B24c9DCFCe8BcE14,,No Pattern,Buy
2024-11-24T04:29:12.185384,Kendu Inu,Kendu,0xaa95f26e30001251fb905d264Aa7b00eE9dF6C18,ethereum,uniswap,0.00002497,-15.55,514807.68,1064148.27,0xD9f2A7471d1998C69De5Cae6dF5d3f070F01DF9F,1708518803000.0,No Pattern,Buy
2024-11-24T04:29:12.185384,Longinus,LGNS,0xeB51D9A39AD5EEF215dC0Bf39a8821ff804A0F01,polygon,quickswap,12.97,-12.98,1331565.92,1389450.6,0x882df4B0fB50a229C3B4124EB18c759911485bFb,1709742872000.0,No Pattern,Buy
2024-11-24T04:29:12.185384,Any Inu,AI,0x2598c30330D5771AE9F983979209486aE26dE875,bsc,pancakeswap,0.000009924,10.99,40663.55,68688.62,0xBaCBeA108e060AeB3Aa4bD55bf46534BdDE6F6B7,1703946731000.0,No Pattern,Buy
2024-11-24T04:29:12.185384,Saitama Inu,SAITAMA,0x0000e3705d8735ee724a76F3440c0a7ea721eD00,ethereum,uniswap,0.004978,15.28,179288.66,279066.87,0xF3F4DfD1B442c2BaA4ef9D4d4CD4A4494EcFD845,1720552787000.0,No Pattern,Buy
2024-11-24T04:29:12.185384,First City in Mars,TERMINUS,0xCBdE0453d4E7D748077c1b0Ac2216C011DD2f406,ethereum,uniswap,0.2155,16.86,310381.32,1215044.95,0x6bCd2862522c0Ab45f4f9Fe693E36C791EDE0a42,1723670123000.0,No Pattern,Buy
2024-11-24T04:29:12.185384,VinuChain,VC,0x2Bf83D080d8Bc4715984e75E5b3D149805d11751,bsc,pancakeswap,0.02880,1.62,22988.24,245105.17,0xc6dDdcF94e53F8997DAb999a32A3AA8fd3F7F106,1697184355000.0,No Pattern,Buy
2024-11-24T04:29:13.460315,ELON MUSK,ELON,S3UfdK2HQP41nr47dE7Uyjz4awaNyDy5u21ysW9hsVw,solana,raydium,0.00004044,-48.88,407885.22,31390.51,F6zM8vVZDmsxt8gCH7cii3pB7thdvMBhMDQeupEPGZT3,1732366797000.0,No Pattern,Buy
2024-11-24T04:29:13.460315,Elon,ELON,0x69420E3A3aa9E17Dea102Bb3a9b3B73dcDDB9528,ethereum,uniswap,0.000008655,-10.3,92853.38,1096818.34,0xD6b117076222D95A05032A99f10738103C60D64d,1713942215000.0,No Pattern,Buy
2024-11-24T04:29:13.460315,Elon Musk,ELON,BqYJQ6hVYxYzGrSbUyXy52oP6aFduq1PRxUVSrFtuDgz,solana,raydium,0.0008879,-26.73,156154.96,209339.23,ENHZBWtBvy6b6jUJBmctdUZGw2RYbZR4MzS6r9qC7YuC,1718004365000.0,No Pattern,Buy
2024-11-24T04:29:13.460315,First Buddy,ELON,2tT6482KB9rZ5SaXzrHQNYMNbpMdAFHQ3MJSFLiApump,solana,raydium,0.0001736,-16.6,8147.81,72118.76,AMWhhm6z6B44hUzz61QFuUsWAgCzFVxNWKV454qAUvRM,1731357788000.0,No Pattern,Buy
2024-11-24T04:29:13.460315,Head of D.O.G.E,ELON,6D5yvcStTtDByiFgT8uZ9F8M4Q4mFfv83kZJiwSSpump,solana,raydium,0.00006693,-16.91,5667.92,41095.38,5ioj2E7ibSPJ1Vynv3YGM2H65iaJ9xzir56JLsrVRXVD,1731540539000.0,No Pattern,Buy
2024-11-24T04:29:14.695305,CARL,MOON,ASVGTsHoQM3M3BesKyR2BibNoxykHbeX1kittdykpump,solana,raydium,0.0001699,117.0,699170.17,61764.75,85wd5eL2UVujUL36a5nEQzrhrYWARqGZ3QN4gcycaLrJ,1732294393000.0,No Pattern,Buy
2024-11-24T04:29:14.695305,MOON,Moon,72pzypYmWeAbDXvmep8tBVeXpvcbrcvv6QKtS4T1btkF,solana,raydium,0.0009166,-2.97,41640.32,218186.67,4To4sD5AJNGGFdYfgg9Zab1HQ2hLbvu7Bc3vz8Cn7u5H,1724548090000.0,No Pattern,Buy
2024-11-24T04:29:14.695305,MOON,MOON,3ZvUPAegNgfWnTRfAhhkZkn4jn3XERxvSW3uQetmpump,solana,raydium,0.00003804,-66.65,176677.75,34032.54,CKLk2Twwrsu9QZYH95fzwcecFH4DQTfTE9u8ZiBSSVt6,1732232564000.0,No Pattern,Buy
2024-11-24T04:29:14.695305,moon,MOON,0xd2699f9fDdc04d262A819808F561c153098c2408,base,uniswap,0.0003995,-7.2,49901.03,100078.25,0x2fA6551D75B11c9111a292eAC25452506435425a,1732122481000.0,No Pattern,Buy
2024-11-24T04:29:14.695305,Moonflow,MOON,0x46E2B5423F6ff46A8A35861EC9DAfF26af77AB9A,cronos,vvsfinance,0.0003848,-3.92,114093.5,205454.44,0x9E5a2f511Cfc1EB4a6be528437b9f2DdCaEF9975,1714494599000.0,No Pattern,Buy
2024-11-24T04:29:14.695305,Moonflow,MOON,0x7AEfff599570dEC2F3DbBc2ACe3cb1F8206749eB,polygon,quickswap,0.0004057,1.39,14284.45,104010.42,0x9EC6021aEc19a555ce3C8e3367212d9812c9Aa24,1706292606000.0,No Pattern,Buy
2024-11-24T04:29:14.695305,MOON Credits,MOON,0x663Ca4A6608ba72b07Badc02148E1E55f7Cdb51a,base,uniswap,0.001134,-18.14,14515.91,225169.08,0xe8e42Ee9098da758b79DB591aC500dcfaAd53751,1728077651000.0,No Pattern,Buy
2024-11-24T04:29:14.695305,Moons,MOON,0x24404DC041d74cd03cFE28855F555559390C931b,arbitrum,camelot,0.1480,3.25,30162.11,289466.36,0x5e27A422ec06A57567a843FD65A1BBB06aC19FC0,,No Pattern,Buy
2024-11-24T04:29:14.695305,Photon Moon,MOON,Tb4hxH416X5QdQR9sZ5XiFCfc9dJ3p8xnkdxupUpump,solana,raydium,0.00002734,-1.7,9820.75,21941.51,4hhyAEU1A8QgxT7YxSEHgoCQ6EawDJnYdr9kZrCK4R9w,1731549872000.0,No Pattern,Buy
2024-11-24T04:29:17.623780,Safe Token,SAFE,0x5aFE3855358E112B5647B952709E6165e1c1eEEe,ethereum,uniswap,1.080,1.26,159956.12,1042844.75,0x000ba527862e5b82cff0F7c66b646AF023274aA1,1714913399000.0,No Pattern,Buy
2024-11-24T04:29:17.623780,Safe Token,SAFE,0x5aFE3855358E112B5647B952709E6165e1c1eEEe,ethereum,uniswap,1.077,0.19,30630.77,531886.13,0x2e7E978DA0C53404a8cf66ED4bA2c7706C07B62a,1713854807000.0,No Pattern,Buy
2024-11-24T04:29:17.623780,SAFE(AnWang),SAFE,0x4d7Fa587Ec8e50bd0E9cD837cb4DA796f47218a1,bsc,pancakeswap,2.85,0.29,41590.01,1005885.19,0x400DB103Af7a0403C9Ab014b2B73702B89F6B4b7,1655136735000.0,No Pattern,Buy
2024-11-24T04:29:17.623780,SAFE(AnWang),SAFE,0x4d7Fa587Ec8e50bd0E9cD837cb4DA796f47218a1,bsc,pancakeswap,2.85,0.64,5360.47,2000933.06,0xD187Ef795dcA8f6d7aa47a22ECf67649E618b445,1680575792000.0,No Pattern,Buy
2024-11-24T04:29:17.623780,SAFEMOON,SAFEMOON,J8Kk2QERNyNXDoUPekzyiqhTRGqCBJRHzpHJk4upump,solana,raydium,0.0005030,-19.83,5376105.17,116737.39,5a1ejwYH48tskje67xkDKAo6qLZQUM1fTSiN3Xm16hat,1732301710000.0,No Pattern,Buy
2024-11-24T04:29:18.876540,Chad Coin,CHAD,0x6B89B97169a797d94F057F4a0B01E2cA303155e4,ethereum,uniswap,0.00001018,-8.71,29534.47,504414.52,0x2dB388d12c56fA6Bd81b101Aa6Ec8542e315eC5C,1681783547000.0,No Pattern,Buy
2024-11-24T04:29:18.877539,Based Chad,CHAD,0xecaF81Eb42cd30014EB44130b89Bcd6d4Ad98B92,base,uniswap,0.0001258,-5.35,55737.84,601823.59,0xAe8d5B91Fca627410A3bef77f55fcfE208409a40,1710893085000.0,No Pattern,Buy
2024-11-24T04:29:18.877539,GIGA CHAD,CHAD,0xCB43bc226386f8b9d63879ee3A4C5b32E6516054,pulsechain,9inch,85.15,7.28,12977.46,146621.0,0x93df47839632B0dd6c08943864C5C29A9b9069f7,1723912615000.0,No Pattern,Buy
2024-11-24T04:29:18.877539,Yes Chad ,chad,7rdeLkyfmxujFthUNYZM7jWGEKZnT9mkeSGG1c9hpump,solana,raydium,0.0001903,-7.33,19988.17,79695.06,FRi5dHtacw7xkcU91pqTvWoZgDMDvP8XinbkzCDRRCd9,1721073790000.0,No Pattern,Buy
2024-11-24T04:29:18.877539,CHAD,CHAD,9xwuQd1GG2sj8CwedbLHiSAV6Aja7wyiahXBMQdgpump,solana,raydium,0.0002407,-13.49,7607.7,68638.1,EiHtvUxUskHZnU6oueTbaaD4gZrosfL6UnB8KGyTMMEA,1730852584000.0,No Pattern,Buy
2024-11-24T04:29:18.877539,Based Chad,CHAD,0xecaF81Eb42cd30014EB44130b89Bcd6d4Ad98B92,base,aerodrome,0.0001248,-5.67,20211.62,104218.72,0x17Cf4aBb54a9D18c90FA0e36B8669aB0f4936f2e,1711208849000.0,No Pattern,Buy
2024-11-24T04:29:18.877539,Based Chad,CHAD,0xecaF81Eb42cd30014EB44130b89Bcd6d4Ad98B92,base,uniswap,0.0001245,-7.42,15474.24,90764.56,0xbd9A5bc3F47353cEE3f335aEa173636fC5683341,1728540145000.0,No Pattern,Buy
2024-11-24T04:29:18.877539,Based Chad,CHAD,0xecaF81Eb42cd30014EB44130b89Bcd6d4Ad98B92,base,aerodrome,0.0001250,-6.38,8386.5,18528.09,0x36104bB6Ce1EdF37076f1CF6FBaBbCDF67DDff1B,,No Pattern,Buy
2024-11-24T04:29:20.338703,BASED,BASED,Em4rcuhX6STfB7mxb66dUXDmZPYCjDiQFthvzSzpump,solana,raydium,0.005025,4.21,865119.46,543584.69,2kdetobhYcWVu8m6C2NRpDGYAiJLoj3R3AHnK4Sb4bZz,1721788807000.0,No Pattern,Buy
2024-11-24T04:29:20.338703,Based Coin,BASED,0x07d15798a67253D76cea61F0eA6F57AeDC59DffB,base,uniswap,0.00002201,44.22,9984.41,94678.02,0xD009260564aD99331260115fcf8b830FaE04B77D,1711683037000.0,No Pattern,Buy
2024-11-24T04:29:20.338703,Basedmilio,BASED,0x28e29EC91DB66733A94Ee8e3B86A6199117baF99,base,uniswap,0.001184,-16.11,43505.13,347317.45,0xF8aa1Db87D84118B0b461e2135190ac27fC1859d,1714459713000.0,No Pattern,Buy
2024-11-24T04:29:20.338703,BASED,BASED,0x32E0f9d26D1e33625742A52620cC76C1130efde6,base,uniswap,0.00001179,-9.83,18595.42,354885.73,0x8C6bCAd6ce067304d505B5d5b36f19C64A933076,1723580395000.0,No Pattern,Buy
2024-11-24T04:29:21.367330,Wojak Coin,WOJAK,0x5026F006B85729a8b14553FAE6af249aD16c9aaB,ethereum,uniswap,0.001913,8.87,4594582.95,9244655.27,0x0F23d49bC92Ec52FF591D091b3e16c937034496E,1681775291000.0,No Pattern,Buy
2024-11-24T04:29:21.367330,Wojak Coin,WOJAK,0x5026F006B85729a8b14553FAE6af249aD16c9aaB,ethereum,uniswap,0.001924,8.38,195151.62,500833.83,0x7316F8DD242974F0FD7b16dBCC68920b96Bc4Db1,1681777991000.0,No Pattern,Buy
2024-11-24T04:29:21.367330,wojak,wojak,3BaxJ5tuBS5ttHyMi9tnVLotxyUCAfNAm8yN5Qdwpump,solana,raydium,0.0006048,-4.91,14716.22,119502.48,uXDFzjc2CXdiKzGCbixw8cVgkxZj4DnwFcUVwhp5pNs,1721152486000.0,No Pattern,Buy
2024-11-24T04:29:21.367330,Wojak,Wojak,4MPA8WbyYtKiufXDSdckEoMPdN5XK1Xw9S9LSLMjK5Y4,solana,raydium,0.0002721,5.59,15305.16,58920.28,6ckfpq5wME37pAYdyK8iGmcaEuW1nhya2h4nAxKnxUGS,1707669445000.0,Steady Growth,Buy
2024-11-24T04:29:21.367330,Wojak,Wojak,AytC5pZ2E6GzuPM5K7De76fhxVJBCuucUYLNcHCvhsaf,solana,raydium,0.000008273,13.49,6668.76,45289.96,HjQWkE2mGQVnwNrsnR6YcaW2iqZYSJFj879kwUsy8QB,1713957246000.0,No Pattern,Buy
2024-11-24T04:29:21.367330,Wojak Coin (Wormhole),WOJAK,6bn6rKWbTRAQwizwqEfcmpAtoAMnqzfG7F8DYMK5reYn,solana,raydium,0.001926,9.57,46192.15,79257.44,228H7urKjz9TJqFPK9R16fNXUCUHFEfmfPcTKEVSNkWK,1728775839000.0,No Pattern,Buy
2024-11-24T04:29:22.606919,MOST ELEGANT MONKEY EVER,MEME,7cyAGa4XsNDnSgnFuwmVFgp9JGqZoZYkiVyFPSke9CuP,solana,raydium,0.0006915,85.93,877505.42,125254.91,8yP8vN47fEBmoLKBdp7mwSwT4emdyrwu7Qd7xMc83RqL,1731683636000.0,No Pattern,Buy
2024-11-24T04:29:22.606919,Memecoin,MEME,0xb131f4A55907B10d1F0A50d8ab8FA09EC342cd74,ethereum,uniswap,0.01478,8.13,305429.38,871699.29,0x70cF99553471FE6C0d513ebFac8aCC55BA02ab7B,1698990467000.0,No Pattern,Buy
2024-11-24T04:29:22.606919,MEME,MPX6900,39Mzpdw7NDGiXmZZGWiCdR6Nzoc7muWuYkPsVDV4pump,solana,raydium,0.0002320,-0.2,15956.55,89856.54,4NpWNtKDQPEH4P8w95SEWjvdzagR5zTY7TJvrtFrZM2k,1728454724000.0,No Pattern,Buy
2024-11-24T04:29:22.606919,Misguided Errors in Money Expenditures,MEME,0x6660A721992D25D70BDb2D5C7a07339D8ED11803,ethereum,uniswap,0.0001730,24.9,5643.96,48478.22,0x724880DeeF7C359CbB37aAd56aa49De7b66c41ed,1731510623000.0,No Pattern,Buy
2024-11-24T04:29:22.606919,Memecoin.new,MEME,0xB928E5905872bda993a4ac054E1D129e658FaDBD,base,uniswap,0.0004290,-4.88,9305.5,71112.77,0x345AB7146Dd6B4eD615720A1565da06A05Fa8F65,1729133101000.0,No Pattern,Buy
2024-11-24T04:29:22.606919,meme token,meme,0xd3D51c15948Ec951f3a86c3566D3aEB58bA32Bc7,base,uniswap,0.00001455,331.0,368410.6,13269.22,0x7Bd55550BCe40B09E9393DA5802f106E2719A621,1732360883000.0,No Pattern,Buy
2024-11-24T04:29:23.787164,Just a chill guy,CHILLGUY,Df6yfrKC8kZE3KNkrHERKzAetSxbrWeniQfyJY4Jpump,solana,raydium,0.3214,25.02,58254676.02,6905006.08,93tjgwff5Ac5ThyMi8C4WejVVQq4tuMeMuYW1LEYZ7bu,1731701302000.0,No Pattern,Buy
2024-11-24T04:29:23.787164,Based Chill Guy,CHILLGUY,0x0230e3e92840E2Db566F061AA1c4C6B2BEf8bEC0,base,uniswap,0.0004358,85.39,220204.53,77454.55,0x90daEd71fb668eD1d52bB57aDB04E2c2907f0c77,1732212843000.0,No Pattern,Buy
2024-11-24T04:29:23.787164,Just a chill guy,CHILLGUY,Df6yfrKC8kZE3KNkrHERKzAetSxbrWeniQfyJY4Jpump,solana,meteora,0.3198,24.25,15558728.47,1748321.91,DhJNSHwyQ577dKevaXBq6EAJrVcBvV7TbY1G9QNh7bJg,1732064483000.0,No Pattern,Buy
2024-11-24T04:29:23.787164,Just a chill guy,CHILLGUY,Df6yfrKC8kZE3KNkrHERKzAetSxbrWeniQfyJY4Jpump,solana,meteora,0.3214,25.02,1738299.43,82901.25,BUf6epoEfJvctdXtNhBsBFnSaWeSYNnfVaCYVQcPFQHn,1732096223000.0,No Pattern,Buy
2024-11-24T04:29:23.787164,Just a chill guy,CHILLGUY,Df6yfrKC8kZE3KNkrHERKzAetSxbrWeniQfyJY4Jpump,solana,raydium,0.3223,24.65,11927367.2,2635887.36,71m12A5zLEowFRkwunLvd1MgUUPRBbMCxQPafxkg9idF,1731980135000.0,No Pattern,Buy
2024-11-24T04:29:23.787164,Just a chill guy,CHILLGUY,0x60215DB40B04Fe029C42c56fF2E02221c1F288ef,ethereum,uniswap,0.0009672,167.0,283021.47,97484.53,0xa3AD1AAF0306179F0e6E1Ac7566FC60cd24D4289,1732069031000.0,No Pattern,Buy
2024-11-24T04:29:23.787164,Just a chill guy,CHILLGUY,Df6yfrKC8kZE3KNkrHERKzAetSxbrWeniQfyJY4Jpump,solana,orca,0.3206,24.56,3033334.39,468413.13,4Eq688gAJRJiRzhFR4tKpVyRhknDvC8UkqsLmfsEzFFX,1732062382000.0,No Pattern,Buy
2024-11-24T04:29:23.787164,Just a chill guy,CHILLGUY,Df6yfrKC8kZE3KNkrHERKzAetSxbrWeniQfyJY4Jpump,solana,meteora,0.3277,27.51,296240.11,375026.27,HGxPvUzLgmMEQqJ79knNfAiVL7AnQowdATfEM5zfSTfN,1732073191000.0,No Pattern,Buy
2024-11-24T04:29:23.787164,Just a chill guy,CHILLGUY,Df6yfrKC8kZE3KNkrHERKzAetSxbrWeniQfyJY4Jpump,solana,orca,0.3120,20.15,732695.63,716812.25,HVuDfdBT7bGnqafApxXXaEXPhJeugVU4v8ZdMkDQDXYR,1732028336000.0,No Pattern,Buy
2024-11-24T04:29:23.787164,Just a chill guy,CHILLGUY,Df6yfrKC8kZE3KNkrHERKzAetSxbrWeniQfyJY4Jpump,solana,meteora,0.3230,27.14,522732.73,183459.04,7TY1m28Es8yuMVBvirmA1ypnCYG8zM52c4APSTBBxjmd,1731990243000.0,No Pattern,Buy
2024-11-24T04:29:23.787164,Just a chill guy,CHILLGUY,Df6yfrKC8kZE3KNkrHERKzAetSxbrWeniQfyJY4Jpump,solana,meteora,0.3213,25.46,528975.39,22442.44,3xaPPWQ6VYyb3P47BkWZfK5cRULjyCLYyw2dHukKhAGq,1732183880000.0,No Pattern,Buy
2024-11-24T04:29:23.787164,Just a chill guy,CHILLGUY,Df6yfrKC8kZE3KNkrHERKzAetSxbrWeniQfyJY4Jpump,solana,meteora,0.3141,20.93,157595.94,201608.53,bfDJ2t8z8X9kdJxqEYE2oM1kcmM4trK9VsPnzgfrxbd,1731769616000.0,No Pattern,Buy
2024-11-24T04:29:23.787164,Just a chill guy,CHILLGUY,Df6yfrKC8kZE3KNkrHERKzAetSxbrWeniQfyJY4Jpump,solana,raydium,0.3185,25.06,225465.6,144800.24,FWKjv3xPKVRVvmvFG8nDvUAgKnBqRm51nEBDP2mcwRHQ,1731893564000.0,No Pattern,Buy
2024-11-24T04:29:23.787164,Just a chill guy,CHILLGUY,Df6yfrKC8kZE3KNkrHERKzAetSxbrWeniQfyJY4Jpump,solana,raydium,0.3213,25.61,304242.3,22970.63,8E7aY7dvF8SkVb1JYaweBmjnMbTiex5UvSNCS3qwc3NF,1732068502000.0,No Pattern,Buy
2024-11-24T04:29:23.787164,Just a chill guy,CHILLGUY,Df6yfrKC8kZE3KNkrHERKzAetSxbrWeniQfyJY4Jpump,solana,meteora,0.3145,21.45,31785.49,99664.42,Fy8nLkanYJUPdoDXgpEpYn15E8tpEJKCukxZraPhsi2c,1731938609000.0,No Pattern,Buy
2024-11-24T04:29:23.787164,Just a chill guy,CHILLGUY,EQBmZKDhZJq-Z7Fx84R4KM_bQDpv1Pd7l4MdqkVk5FDYdb8x,ton,dedust,0.00004450,138.0,186711.47,210858.46,EQAFqBvmyFbghdnDesgzSoa1f-X7AZuW1DjaL3bAQrR0aspE,1732130966000.0,No Pattern,Buy
2024-11-24T04:29:23.787164,Just a chill guy,CHILLGUY,Df6yfrKC8kZE3KNkrHERKzAetSxbrWeniQfyJY4Jpump,solana,orca,0.3230,27.2,68549.91,45687.5,5STrPBKZKz7jAonhQfn2XT3ATEM1mXWKGwbLENhgWUKF,1732236161000.0,No Pattern,Buy
2024-11-24T04:29:23.787164,Just a chill guy,CHILLGUY,Df6yfrKC8kZE3KNkrHERKzAetSxbrWeniQfyJY4Jpump,solana,meteora,0.3184,22.75,29577.86,39760.41,EtAdVRLFH22rjWh3mcUasKFF27WtHhsaCvK27tPFFWig,1732065644000.0,No Pattern,Buy
2024-11-24T04:29:23.787164,Just a chill guy,CHILLGUY,Df6yfrKC8kZE3KNkrHERKzAetSxbrWeniQfyJY4Jpump,solana,orca,0.3131,19.88,25742.2,38063.48,5HygKG1zJK7zb6w6Vy3xuoKp2ubjTNLEgQqg2k5pZw7x,1732067738000.0,No Pattern,Buy
2024-11-24T04:29:23.787164,Just a chill guy,CHILLGUY,Df6yfrKC8kZE3KNkrHERKzAetSxbrWeniQfyJY4Jpump,solana,meteora,0.3150,20.66,89822.01,22228.98,6mmF8RZbbfuAndLsKfAVtruaYvnfuKLAmZ1poQiqowYS,1732173893000.0,No Pattern,Buy
2024-11-24T04:29:25.106842,Capybara Nation,BARA,0xF24409D155965ca87c45aD5BC084aD8aD3Be4f39,cronos,vvsfinance,0.00001577,-18.44,21817348.6,8043083.75,0xc77580d7AeB496ebc9163F1E11059821EC63E47C,1732001569000.0,No Pattern,Buy
2024-11-24T04:29:25.106842,Capybara,BARA,0xF190dbD849E372FF824e631a1FdF199f38358BCf,ethereum,uniswap,0.001208,-48.34,15884.85,85545.19,0x717F65f49cb2Cf496872fED1e2DB888Dcf494001,1684076639000.0,No Pattern,Buy
2024-11-24T04:29:25.106842,#1 chill animal,CAPYBARA,7cWeM4kSGP2Mfm83k6F9BHukqeWccSYXq6bWFuu8THMN,solana,raydium,0.0001387,-86.18,4660844.71,50802.39,4Z5qYmuo8R43n54ewyxM5MdSxH6Kp3iVcEU5994LkuzB,1732273864000.0,No Pattern,Buy
2024-11-24T04:29:25.106842,Capybara Doge,CAPYDOGE,0x8159f1f713f39d897a9cf4454e69f2ed6752d5da7722171ec8435211e17e65f3::capydoge::CAPYDOGE,sui,cetus,0.0001022,489.0,233269.64,34165.51,0x6f506e1903be58d29220a0353342333b88b0b2de2be3abe18bb24e59a3419ede,1732405955000.0,No Pattern,Buy
2024-11-24T04:29:25.106842,Capybara,CAPY,CAPYD6Lrm7bTZ6C7t7JvSxvpEcfKQ9YNB7kUjh6p6XBN,solana,raydium,0.002027,-76.5,140492.36,13203.88,81QxnQMtP5WwYCB4hZFiarYK1UrfTabu8uTbgShMSDYz,1669872855000.0,No Pattern,Buy
2024-11-24T04:29:26.934855,MAGA,TRUMP,0x576e2BeD8F7b46D34016198911Cdf9886f78bea7,ethereum,uniswap,1.88,11.2,1804615.75,5400835.76,0xE4b8583cCB95b25737C016ac88E539D0605949e8,1691792927000.0,No Pattern,Buy
2024-11-24T04:29:26.934855,MAGA,TRUMP,0x4eA98c1999575aaadfb38237Dd015c5E773F75a2,bsc,pancakeswap,1.82,6.85,546773.64,87956.38,0x032AB93B734BEf57D98552EB56839F0995D4FB28,1708978398000.0,No Pattern,Buy
2024-11-24T04:29:26.934855,Donald Trump,TRUMP,4h8LjZWUfUQVgbEZ29UzTuGXNW6rwrJis78ZU66ekkPV,solana,raydium,0.001114,-12.81,76872.12,231258.03,8JtX8XisBa56XBqND5mgeNzVoigLCWLLF1t28Da21SZc,1716804769000.0,No Pattern,Buy
2024-11-24T04:29:26.934855,MAGA,TRUMP,0x57F5fbD3DE65DFC0bd3630F732969e5fb97E6d37,base,uniswap,1.81,7.59,413268.18,86393.53,0xAA4bdf13c4ca0594Daebb38Ae7D772B7e975B284,1710987537000.0,No Pattern,Buy
2024-11-24T04:29:26.934855,MAGA (Wormhole),TRUMP,HaP8r3ksG76PhQLTqR8FYBeNiQpejcFbQmiHbg787Ut1,solana,orca,1.81,5.9,131474.93,179062.85,7m4HiA2ARD1WN3QbrXqwq4ocPcvuaXHq7XqetGzRpCu8,1709332414000.0,No Pattern,Buy
2024-11-24T04:29:26.934855,MAGA,TRUMP,0x2e1d332893Dc16124194E598a29866D2d5e8786b,base,uniswap,0.01530,-9.77,19430.36,112814.95,0xd33805985642Fa9338e1Fa150cA811406F96F0dE,1716908775000.0,No Pattern,Buy
2024-11-24T04:29:26.934855,TRUMP,TRUMP,AwRErBEFGTnohzfLeRSBH9HddQEy2oeRxnWLrbvFFh95,solana,raydium,0.000004263,-8.38,10487.49,120084.16,GKSf56Lk6U3K3DDHJ4nmdq6Sp3HsCRv8XCR1nQmqvM1d,1706232722000.0,No Pattern,Buy
2024-11-24T04:29:26.934855,Trump,TRUMP,DBNLn6C32cMmbh8ABcioWgv3ninciwUyfjgL1wyCpSxG,solana,raydium,0.00006435,-6.88,6253.5,50594.62,baioWevV6qNA1RvodT3JVyvZFsbtxvYoNbggsxKJjjN,1729895996000.0,No Pattern,Buy
2024-11-24T04:29:26.934855,MAGA (Wormhole),TRUMP,HaP8r3ksG76PhQLTqR8FYBeNiQpejcFbQmiHbg787Ut1,solana,meteora,1.82,6.64,185183.37,13497.67,36TsKemnPVWg68Vnpkz5mEerhcZjNsRM4UsBKgHYyZk2,1715228997000.0,No Pattern,Buy
2024-11-24T04:29:27.962009,ELON MUSK,ELON,S3UfdK2HQP41nr47dE7Uyjz4awaNyDy5u21ysW9hsVw,solana,raydium,0.00004044,-48.88,407885.22,31390.51,F6zM8vVZDmsxt8gCH7cii3pB7thdvMBhMDQeupEPGZT3,1732366797000.0,No Pattern,Buy
2024-11-24T04:29:27.962009,Elon,ELON,0x69420E3A3aa9E17Dea102Bb3a9b3B73dcDDB9528,ethereum,uniswap,0.000008655,-10.3,92853.38,1096818.34,0xD6b117076222D95A05032A99f10738103C60D64d,1713942215000.0,No Pattern,Buy
2024-11-24T04:29:27.962009,Elon Musk,ELON,BqYJQ6hVYxYzGrSbUyXy52oP6aFduq1PRxUVSrFtuDgz,solana,raydium,0.0008879,-26.73,156154.96,209339.23,ENHZBWtBvy6b6jUJBmctdUZGw2RYbZR4MzS6r9qC7YuC,1718004365000.0,No Pattern,Buy
2024-11-24T04:29:27.962009,First Buddy,ELON,2tT6482KB9rZ5SaXzrHQNYMNbpMdAFHQ3MJSFLiApump,solana,raydium,0.0001736,-16.6,8147.81,72118.76,AMWhhm6z6B44hUzz61QFuUsWAgCzFVxNWKV454qAUvRM,1731357788000.0,No Pattern,Buy
2024-11-24T04:29:27.962009,Head of D.O.G.E,ELON,6D5yvcStTtDByiFgT8uZ9F8M4Q4mFfv83kZJiwSSpump,solana,raydium,0.00006693,-16.91,5667.92,41095.38,5ioj2E7ibSPJ1Vynv3YGM2H65iaJ9xzir56JLsrVRXVD,1731540539000.0,No Pattern,Buy
2024-11-24T04:29:32.786504,MAGA,TRUMP,0x576e2BeD8F7b46D34016198911Cdf9886f78bea7,ethereum,uniswap,1.88,11.2,1804615.75,5400835.76,0xE4b8583cCB95b25737C016ac88E539D0605949e8,1691792927000.0,No Pattern,Buy
2024-11-24T04:29:32.786504,MAGA,TRUMP,0x4eA98c1999575aaadfb38237Dd015c5E773F75a2,bsc,pancakeswap,1.82,6.85,546773.64,87956.38,0x032AB93B734BEf57D98552EB56839F0995D4FB28,1708978398000.0,No Pattern,Buy
2024-11-24T04:29:32.786504,MAGA,MAGA,0xD29DA236dd4AAc627346e1bBa06A619E8c22d7C5,ethereum,uniswap,0.00006519,-2.34,432061.52,2484307.63,0x0c3FDf9C70835F9Be9dB9585eCB6A1Ee3f20a6c7,1715868491000.0,No Pattern,Buy
2024-11-24T04:29:32.786504,MAGA,TRUMP,0x57F5fbD3DE65DFC0bd3630F732969e5fb97E6d37,base,uniswap,1.81,7.59,413268.18,86393.53,0xAA4bdf13c4ca0594Daebb38Ae7D772B7e975B284,1710987537000.0,No Pattern,Buy
2024-11-24T04:29:32.786504,MAGA,TRUMP,0x2e1d332893Dc16124194E598a29866D2d5e8786b,base,uniswap,0.01530,-9.77,19430.36,112814.95,0xd33805985642Fa9338e1Fa150cA811406F96F0dE,1716908775000.0,No Pattern,Buy
2024-11-24T04:29:32.786504,MAGA,MAGA,sfYDFZJguyF4YLZjje7qwwh41NRymFfZ3QXZbVm7Eyg,solana,raydium,0.006053,6.43,11564.27,138796.37,Fy34rwoH6LVFh2SVktoiAECD4V3Rq6WQgQcyVnqa5p5r,1716732812000.0,No Pattern,Buy
2024-11-24T04:29:32.786504,maek amuraca graet agun,maga,TrumptpNNBEgVjDc8bnemRTNYZKhdsst9ujNAnTSHqp,solana,raydium,0.0002137,-26.4,9779.34,57389.6,6ik3QfYQB1h12H97FmrCfpPXik7LTSVp85LkexKoqYng,1712524299000.0,No Pattern,Buy
2024-11-24T04:29:32.786504,TRUMP MAGA,MAGA,B3eiCY3EjyZoehW6LqwiVQttL5u1cNrVDXZ6smx1pi88,solana,orca,0.004183,-0.02,5245.33,27734323.97,3AcZuBMwKqLn9YTUgB6kbPaj2vsAkStErb8GY7EgpzKC,1730807258000.0,No Pattern,Buy
2024-11-24T04:29:32.786504,MAGA ,MAGA ,DSmFJhBc2roUjnCLBDErQk2sY6PMkQPJBLNgaz6Jpump,solana,raydium,0.000005964,-95.13,3437612.21,11578.47,8zxnHNGqcA7KTZzXbUgMYMUWVvpQaFbwNtqS7SfSPr7n,1732362356000.0,No Pattern,Buy
